Data,Rok,Miesiąc,Typ Użytkownika,Urządzenie,Liczba Wyświetleń
2016-01-01,2016,1,Użytkownik (Człowiek),Aplikacja Mobilna,1759856
2016-01-01,2016,1,Bot Wyszukiwarki,Aplikacja Mobilna,0
2016-02-01,2016,2,Użytkownik (Człowiek),Aplikacja Mobilna,1543396
2016-02-01,2016,2,Bot Wyszukiwarki,Aplikacja Mobilna,0
2016-03-01,2016,3,Użytkownik (Człowiek),Aplikacja Mobilna,1791957
2016-03-01,2016,3,Bot Wyszukiwarki,Aplikacja Mobilna,0
2016-04-01,2016,4,Użytkownik (Człowiek),Aplikacja Mobilna,1312990
2016-04-01,2016,4,Bot Wyszukiwarki,Aplikacja Mobilna,0
2016-05-01,2016,5,Użytkownik (Człowiek),Aplikacja Mobilna,1627109
2016-05-01,2016,5,Bot Wyszukiwarki,Aplikacja Mobilna,0
2016-06-01,2016,6,Użytkownik (Człowiek),Aplikacja Mobilna,1500321
2016-06-01,2016,6,Bot Wyszukiwarki,Aplikacja Mobilna,0
2016-07-01,2016,7,Użytkownik (Człowiek),Aplikacja Mobilna,1493517
2016-07-01,2016,7,Bot Wyszukiwarki,Aplikacja Mobilna,0
2016-08-01,2016,8,Użytkownik (Człowiek),Aplikacja Mobilna,1443652
2016-08-01,2016,8,Bot Wyszukiwarki,Aplikacja Mobilna,0
2016-09-01,2016,9,Użytkownik (Człowiek),Aplikacja Mobilna,1312966
2016-09-01,2016,9,Bot Wyszukiwarki,Aplikacja Mobilna,0
2016-10-01,2016,10,Użytkownik (Człowiek),Aplikacja Mobilna,1316780
2016-10-01,2016,10,Bot Wyszukiwarki,Aplikacja Mobilna,0
2016-11-01,2016,11,Użytkownik (Człowiek),Aplikacja Mobilna,1429112
2016-11-01,2016,11,Bot Wyszukiwarki,Aplikacja Mobilna,0
2016-12-01,2016,12,Użytkownik (Człowiek),Aplikacja Mobilna,1604105
2016-12-01,2016,12,Bot Wyszukiwarki,Aplikacja Mobilna,0
2017-01-01,2017,1,Użytkownik (Człowiek),Aplikacja Mobilna,2127587
2017-01-01,2017,1,Bot Wyszukiwarki,Aplikacja Mobilna,0
2017-02-01,2017,2,Użytkownik (Człowiek),Aplikacja Mobilna,2439855
2017-02-01,2017,2,Bot Wyszukiwarki,Aplikacja Mobilna,0
2017-03-01,2017,3,Użytkownik (Człowiek),Aplikacja Mobilna,2072316
2017-03-01,2017,3,Bot Wyszukiwarki,Aplikacja Mobilna,0
2017-04-01,2017,4,Użytkownik (Człowiek),Aplikacja Mobilna,1771197
2017-04-01,2017,4,Bot Wyszukiwarki,Aplikacja Mobilna,0
2017-05-01,2017,5,Użytkownik (Człowiek),Aplikacja Mobilna,1773347
2017-05-01,2017,5,Bot Wyszukiwarki,Aplikacja Mobilna,0
2017-06-01,2017,6,Użytkownik (Człowiek),Aplikacja Mobilna,1586418
2017-06-01,2017,6,Bot Wyszukiwarki,Aplikacja Mobilna,0
2017-07-01,2017,7,Użytkownik (Człowiek),Aplikacja Mobilna,1631587
2017-07-01,2017,7,Bot Wyszukiwarki,Aplikacja Mobilna,0
2017-08-01,2017,8,Użytkownik (Człowiek),Aplikacja Mobilna,1720335
2017-08-01,2017,8,Bot Wyszukiwarki,Aplikacja Mobilna,0
2017-09-01,2017,9,Użytkownik (Człowiek),Aplikacja Mobilna,1706326
2017-09-01,2017,9,Bot Wyszukiwarki,Aplikacja Mobilna,0
2017-10-01,2017,10,Użytkownik (Człowiek),Aplikacja Mobilna,1821958
2017-10-01,2017,10,Bot Wyszukiwarki,Aplikacja Mobilna,0
2017-11-01,2017,11,Użytkownik (Człowiek),Aplikacja Mobilna,1882195
2017-11-01,2017,11,Bot Wyszukiwarki,Aplikacja Mobilna,0
2017-12-01,2017,12,Użytkownik (Człowiek),Aplikacja Mobilna,1854788
2017-12-01,2017,12,Bot Wyszukiwarki,Aplikacja Mobilna,0
2018-01-01,2018,1,Użytkownik (Człowiek),Aplikacja Mobilna,2053685
2018-01-01,2018,1,Bot Wyszukiwarki,Aplikacja Mobilna,0
2018-02-01,2018,2,Użytkownik (Człowiek),Aplikacja Mobilna,1826317
2018-02-01,2018,2,Bot Wyszukiwarki,Aplikacja Mobilna,0
2018-03-01,2018,3,Użytkownik (Człowiek),Aplikacja Mobilna,1892712
2018-03-01,2018,3,Bot Wyszukiwarki,Aplikacja Mobilna,0
2018-04-01,2018,4,Użytkownik (Człowiek),Aplikacja Mobilna,1764234
2018-04-01,2018,4,Bot Wyszukiwarki,Aplikacja Mobilna,0
2018-05-01,2018,5,Użytkownik (Człowiek),Aplikacja Mobilna,1858167
2018-05-01,2018,5,Bot Wyszukiwarki,Aplikacja Mobilna,0
2018-06-01,2018,6,Użytkownik (Człowiek),Aplikacja Mobilna,1782907
2018-06-01,2018,6,Bot Wyszukiwarki,Aplikacja Mobilna,0
2018-07-01,2018,7,Użytkownik (Człowiek),Aplikacja Mobilna,1937752
2018-07-01,2018,7,Bot Wyszukiwarki,Aplikacja Mobilna,0
2018-08-01,2018,8,Użytkownik (Człowiek),Aplikacja Mobilna,1938094
2018-08-01,2018,8,Bot Wyszukiwarki,Aplikacja Mobilna,0
2018-09-01,2018,9,Użytkownik (Człowiek),Aplikacja Mobilna,1843798
2018-09-01,2018,9,Bot Wyszukiwarki,Aplikacja Mobilna,0
2018-10-01,2018,10,Użytkownik (Człowiek),Aplikacja Mobilna,1890364
2018-10-01,2018,10,Bot Wyszukiwarki,Aplikacja Mobilna,0
2018-11-01,2018,11,Użytkownik (Człowiek),Aplikacja Mobilna,1989158
2018-11-01,2018,11,Bot Wyszukiwarki,Aplikacja Mobilna,0
2018-12-01,2018,12,Użytkownik (Człowiek),Aplikacja Mobilna,2113760
2018-12-01,2018,12,Bot Wyszukiwarki,Aplikacja Mobilna,0
2019-01-01,2019,1,Użytkownik (Człowiek),Aplikacja Mobilna,2240160
2019-01-01,2019,1,Bot Wyszukiwarki,Aplikacja Mobilna,0
2019-02-01,2019,2,Użytkownik (Człowiek),Aplikacja Mobilna,1914607
2019-02-01,2019,2,Bot Wyszukiwarki,Aplikacja Mobilna,0
2019-03-01,2019,3,Użytkownik (Człowiek),Aplikacja Mobilna,2088071
2019-03-01,2019,3,Bot Wyszukiwarki,Aplikacja Mobilna,0
2019-04-01,2019,4,Użytkownik (Człowiek),Aplikacja Mobilna,2039040
2019-04-01,2019,4,Bot Wyszukiwarki,Aplikacja Mobilna,0
2019-05-01,2019,5,Użytkownik (Człowiek),Aplikacja Mobilna,2198532
2019-05-01,2019,5,Bot Wyszukiwarki,Aplikacja Mobilna,0
2019-06-01,2019,6,Użytkownik (Człowiek),Aplikacja Mobilna,1962638
2019-06-01,2019,6,Bot Wyszukiwarki,Aplikacja Mobilna,0
2019-07-01,2019,7,Użytkownik (Człowiek),Aplikacja Mobilna,2034299
2019-07-01,2019,7,Bot Wyszukiwarki,Aplikacja Mobilna,0
2019-08-01,2019,8,Użytkownik (Człowiek),Aplikacja Mobilna,2225342
2019-08-01,2019,8,Bot Wyszukiwarki,Aplikacja Mobilna,0
2019-09-01,2019,9,Użytkownik (Człowiek),Aplikacja Mobilna,2062010
2019-09-01,2019,9,Bot Wyszukiwarki,Aplikacja Mobilna,0
2019-10-01,2019,10,Użytkownik (Człowiek),Aplikacja Mobilna,2185718
2019-10-01,2019,10,Bot Wyszukiwarki,Aplikacja Mobilna,0
2019-11-01,2019,11,Użytkownik (Człowiek),Aplikacja Mobilna,2218851
2019-11-01,2019,11,Bot Wyszukiwarki,Aplikacja Mobilna,17
2019-12-01,2019,12,Użytkownik (Człowiek),Aplikacja Mobilna,2233860
2019-12-01,2019,12,Bot Wyszukiwarki,Aplikacja Mobilna,728
2020-01-01,2020,1,Użytkownik (Człowiek),Aplikacja Mobilna,2448662
2020-01-01,2020,1,Bot Wyszukiwarki,Aplikacja Mobilna,1179
2020-02-01,2020,2,Użytkownik (Człowiek),Aplikacja Mobilna,2187788
2020-02-01,2020,2,Bot Wyszukiwarki,Aplikacja Mobilna,1044
2020-03-01,2020,3,Użytkownik (Człowiek),Aplikacja Mobilna,2262676
2020-03-01,2020,3,Bot Wyszukiwarki,Aplikacja Mobilna,923
2020-04-01,2020,4,Użytkownik (Człowiek),Aplikacja Mobilna,2331579
2020-04-01,2020,4,Bot Wyszukiwarki,Aplikacja Mobilna,1438
2020-04-01,2020,4,Skrypt Automatyczny,Aplikacja Mobilna,21
2020-05-01,2020,5,Użytkownik (Człowiek),Aplikacja Mobilna,1759487
2020-05-01,2020,5,Bot Wyszukiwarki,Aplikacja Mobilna,902
2020-05-01,2020,5,Skrypt Automatyczny,Aplikacja Mobilna,1884
2020-06-01,2020,6,Użytkownik (Człowiek),Aplikacja Mobilna,322885
2020-06-01,2020,6,Bot Wyszukiwarki,Aplikacja Mobilna,158
2020-06-01,2020,6,Skrypt Automatyczny,Aplikacja Mobilna,16
2020-07-01,2020,7,Użytkownik (Człowiek),Aplikacja Mobilna,1879877
2020-07-01,2020,7,Bot Wyszukiwarki,Aplikacja Mobilna,655
2020-07-01,2020,7,Skrypt Automatyczny,Aplikacja Mobilna,33980
2020-08-01,2020,8,Użytkownik (Człowiek),Aplikacja Mobilna,2046919
2020-08-01,2020,8,Bot Wyszukiwarki,Aplikacja Mobilna,576
2020-08-01,2020,8,Skrypt Automatyczny,Aplikacja Mobilna,796
2020-09-01,2020,9,Użytkownik (Człowiek),Aplikacja Mobilna,1952015
2020-09-01,2020,9,Bot Wyszukiwarki,Aplikacja Mobilna,450
2020-09-01,2020,9,Skrypt Automatyczny,Aplikacja Mobilna,1146
2020-10-01,2020,10,Użytkownik (Człowiek),Aplikacja Mobilna,2124513
2020-10-01,2020,10,Bot Wyszukiwarki,Aplikacja Mobilna,938
2020-10-01,2020,10,Skrypt Automatyczny,Aplikacja Mobilna,2709
2020-11-01,2020,11,Użytkownik (Człowiek),Aplikacja Mobilna,2245411
2020-11-01,2020,11,Bot Wyszukiwarki,Aplikacja Mobilna,659
2020-11-01,2020,11,Skrypt Automatyczny,Aplikacja Mobilna,2217
2020-12-01,2020,12,Użytkownik (Człowiek),Aplikacja Mobilna,2176666
2020-12-01,2020,12,Bot Wyszukiwarki,Aplikacja Mobilna,541
2020-12-01,2020,12,Skrypt Automatyczny,Aplikacja Mobilna,755
2021-01-01,2021,1,Użytkownik (Człowiek),Aplikacja Mobilna,2379162
2021-01-01,2021,1,Bot Wyszukiwarki,Aplikacja Mobilna,463
2021-01-01,2021,1,Skrypt Automatyczny,Aplikacja Mobilna,7095
2021-02-01,2021,2,Użytkownik (Człowiek),Aplikacja Mobilna,2003688
2021-02-01,2021,2,Bot Wyszukiwarki,Aplikacja Mobilna,451
2021-02-01,2021,2,Skrypt Automatyczny,Aplikacja Mobilna,786
2021-03-01,2021,3,Użytkownik (Człowiek),Aplikacja Mobilna,2142932
2021-03-01,2021,3,Bot Wyszukiwarki,Aplikacja Mobilna,355
2021-03-01,2021,3,Skrypt Automatyczny,Aplikacja Mobilna,199
2021-04-01,2021,4,Użytkownik (Człowiek),Aplikacja Mobilna,2178091
2021-04-01,2021,4,Bot Wyszukiwarki,Aplikacja Mobilna,354
2021-04-01,2021,4,Skrypt Automatyczny,Aplikacja Mobilna,324
2021-05-01,2021,5,Użytkownik (Człowiek),Aplikacja Mobilna,2066436
2021-05-01,2021,5,Bot Wyszukiwarki,Aplikacja Mobilna,237
2021-05-01,2021,5,Skrypt Automatyczny,Aplikacja Mobilna,402
2021-06-01,2021,6,Użytkownik (Człowiek),Aplikacja Mobilna,1883728
2021-06-01,2021,6,Bot Wyszukiwarki,Aplikacja Mobilna,264
2021-06-01,2021,6,Skrypt Automatyczny,Aplikacja Mobilna,356
2021-07-01,2021,7,Użytkownik (Człowiek),Aplikacja Mobilna,2000700
2021-07-01,2021,7,Bot Wyszukiwarki,Aplikacja Mobilna,259
2021-07-01,2021,7,Skrypt Automatyczny,Aplikacja Mobilna,2483
2021-08-01,2021,8,Użytkownik (Człowiek),Aplikacja Mobilna,2129994
2021-08-01,2021,8,Bot Wyszukiwarki,Aplikacja Mobilna,197
2021-08-01,2021,8,Skrypt Automatyczny,Aplikacja Mobilna,1210
2021-09-01,2021,9,Użytkownik (Człowiek),Aplikacja Mobilna,1935327
2021-09-01,2021,9,Bot Wyszukiwarki,Aplikacja Mobilna,275
2021-09-01,2021,9,Skrypt Automatyczny,Aplikacja Mobilna,498
2021-10-01,2021,10,Użytkownik (Człowiek),Aplikacja Mobilna,2041925
2021-10-01,2021,10,Bot Wyszukiwarki,Aplikacja Mobilna,206
2021-10-01,2021,10,Skrypt Automatyczny,Aplikacja Mobilna,978
2021-11-01,2021,11,Użytkownik (Człowiek),Aplikacja Mobilna,2083780
2021-11-01,2021,11,Bot Wyszukiwarki,Aplikacja Mobilna,185
2021-11-01,2021,11,Skrypt Automatyczny,Aplikacja Mobilna,3615
2021-12-01,2021,12,Użytkownik (Człowiek),Aplikacja Mobilna,2175607
2021-12-01,2021,12,Bot Wyszukiwarki,Aplikacja Mobilna,167
2021-12-01,2021,12,Skrypt Automatyczny,Aplikacja Mobilna,318
2022-01-01,2022,1,Użytkownik (Człowiek),Aplikacja Mobilna,2469134
2022-01-01,2022,1,Bot Wyszukiwarki,Aplikacja Mobilna,145
2022-01-01,2022,1,Skrypt Automatyczny,Aplikacja Mobilna,1769
2022-02-01,2022,2,Użytkownik (Człowiek),Aplikacja Mobilna,2159362
2022-02-01,2022,2,Bot Wyszukiwarki,Aplikacja Mobilna,279
2022-02-01,2022,2,Skrypt Automatyczny,Aplikacja Mobilna,921
2022-03-01,2022,3,Użytkownik (Człowiek),Aplikacja Mobilna,2304414
2022-03-01,2022,3,Bot Wyszukiwarki,Aplikacja Mobilna,334
2022-03-01,2022,3,Skrypt Automatyczny,Aplikacja Mobilna,806
2022-04-01,2022,4,Użytkownik (Człowiek),Aplikacja Mobilna,2226148
2022-04-01,2022,4,Bot Wyszukiwarki,Aplikacja Mobilna,235
2022-04-01,2022,4,Skrypt Automatyczny,Aplikacja Mobilna,9942
2022-05-01,2022,5,Użytkownik (Człowiek),Aplikacja Mobilna,2147787
2022-05-01,2022,5,Bot Wyszukiwarki,Aplikacja Mobilna,455
2022-05-01,2022,5,Skrypt Automatyczny,Aplikacja Mobilna,3152
2022-06-01,2022,6,Użytkownik (Człowiek),Aplikacja Mobilna,2009991
2022-06-01,2022,6,Bot Wyszukiwarki,Aplikacja Mobilna,505
2022-06-01,2022,6,Skrypt Automatyczny,Aplikacja Mobilna,16026
2022-07-01,2022,7,Użytkownik (Człowiek),Aplikacja Mobilna,2134452
2022-07-01,2022,7,Bot Wyszukiwarki,Aplikacja Mobilna,281
2022-07-01,2022,7,Skrypt Automatyczny,Aplikacja Mobilna,3407
2022-08-01,2022,8,Użytkownik (Człowiek),Aplikacja Mobilna,2230130
2022-08-01,2022,8,Bot Wyszukiwarki,Aplikacja Mobilna,452
2022-08-01,2022,8,Skrypt Automatyczny,Aplikacja Mobilna,2964
2022-09-01,2022,9,Użytkownik (Człowiek),Aplikacja Mobilna,2181375
2022-09-01,2022,9,Bot Wyszukiwarki,Aplikacja Mobilna,400
2022-09-01,2022,9,Skrypt Automatyczny,Aplikacja Mobilna,588
2022-10-01,2022,10,Użytkownik (Człowiek),Aplikacja Mobilna,2234470
2022-10-01,2022,10,Bot Wyszukiwarki,Aplikacja Mobilna,262
2022-10-01,2022,10,Skrypt Automatyczny,Aplikacja Mobilna,2010
2022-11-01,2022,11,Użytkownik (Człowiek),Aplikacja Mobilna,2225778
2022-11-01,2022,11,Bot Wyszukiwarki,Aplikacja Mobilna,265
2022-11-01,2022,11,Skrypt Automatyczny,Aplikacja Mobilna,1490
2022-12-01,2022,12,Użytkownik (Człowiek),Aplikacja Mobilna,2380842
2022-12-01,2022,12,Bot Wyszukiwarki,Aplikacja Mobilna,238
2022-12-01,2022,12,Skrypt Automatyczny,Aplikacja Mobilna,2098
2023-01-01,2023,1,Użytkownik (Człowiek),Aplikacja Mobilna,2493224
2023-01-01,2023,1,Bot Wyszukiwarki,Aplikacja Mobilna,238
2023-01-01,2023,1,Skrypt Automatyczny,Aplikacja Mobilna,3440
2023-02-01,2023,2,Użytkownik (Człowiek),Aplikacja Mobilna,2148459
2023-02-01,2023,2,Bot Wyszukiwarki,Aplikacja Mobilna,348
2023-02-01,2023,2,Skrypt Automatyczny,Aplikacja Mobilna,7431
2023-03-01,2023,3,Użytkownik (Człowiek),Aplikacja Mobilna,2294287
2023-03-01,2023,3,Bot Wyszukiwarki,Aplikacja Mobilna,169
2023-03-01,2023,3,Skrypt Automatyczny,Aplikacja Mobilna,1875
2023-04-01,2023,4,Użytkownik (Człowiek),Aplikacja Mobilna,2283190
2023-04-01,2023,4,Bot Wyszukiwarki,Aplikacja Mobilna,204
2023-04-01,2023,4,Skrypt Automatyczny,Aplikacja Mobilna,4507
2023-05-01,2023,5,Użytkownik (Człowiek),Aplikacja Mobilna,2299656
2023-05-01,2023,5,Bot Wyszukiwarki,Aplikacja Mobilna,212
2023-05-01,2023,5,Skrypt Automatyczny,Aplikacja Mobilna,2835
2023-06-01,2023,6,Użytkownik (Człowiek),Aplikacja Mobilna,2096413
2023-06-01,2023,6,Bot Wyszukiwarki,Aplikacja Mobilna,179
2023-06-01,2023,6,Skrypt Automatyczny,Aplikacja Mobilna,5062
2023-07-01,2023,7,Użytkownik (Człowiek),Aplikacja Mobilna,2231721
2023-07-01,2023,7,Bot Wyszukiwarki,Aplikacja Mobilna,48
2023-07-01,2023,7,Skrypt Automatyczny,Aplikacja Mobilna,4064
2023-08-01,2023,8,Użytkownik (Człowiek),Aplikacja Mobilna,2345980
2023-08-01,2023,8,Bot Wyszukiwarki,Aplikacja Mobilna,111
2023-08-01,2023,8,Skrypt Automatyczny,Aplikacja Mobilna,3367
2023-09-01,2023,9,Użytkownik (Człowiek),Aplikacja Mobilna,2112257
2023-09-01,2023,9,Bot Wyszukiwarki,Aplikacja Mobilna,56
2023-09-01,2023,9,Skrypt Automatyczny,Aplikacja Mobilna,858
2023-10-01,2023,10,Użytkownik (Człowiek),Aplikacja Mobilna,2187039
2023-10-01,2023,10,Bot Wyszukiwarki,Aplikacja Mobilna,71
2023-10-01,2023,10,Skrypt Automatyczny,Aplikacja Mobilna,3631
2023-11-01,2023,11,Użytkownik (Człowiek),Aplikacja Mobilna,2220080
2023-11-01,2023,11,Bot Wyszukiwarki,Aplikacja Mobilna,80
2023-11-01,2023,11,Skrypt Automatyczny,Aplikacja Mobilna,914
2023-12-01,2023,12,Użytkownik (Człowiek),Aplikacja Mobilna,2366007
2023-12-01,2023,12,Bot Wyszukiwarki,Aplikacja Mobilna,98
2023-12-01,2023,12,Skrypt Automatyczny,Aplikacja Mobilna,3878
2024-01-01,2024,1,Użytkownik (Człowiek),Aplikacja Mobilna,2475538
2024-01-01,2024,1,Bot Wyszukiwarki,Aplikacja Mobilna,68
2024-01-01,2024,1,Skrypt Automatyczny,Aplikacja Mobilna,1684
2024-02-01,2024,2,Użytkownik (Człowiek),Aplikacja Mobilna,2213495
2024-02-01,2024,2,Bot Wyszukiwarki,Aplikacja Mobilna,5
2024-02-01,2024,2,Skrypt Automatyczny,Aplikacja Mobilna,999
2024-03-01,2024,3,Użytkownik (Człowiek),Aplikacja Mobilna,2373761
2024-03-01,2024,3,Bot Wyszukiwarki,Aplikacja Mobilna,7
2024-03-01,2024,3,Skrypt Automatyczny,Aplikacja Mobilna,711
2024-04-01,2024,4,Użytkownik (Człowiek),Aplikacja Mobilna,2250967
2024-04-01,2024,4,Bot Wyszukiwarki,Aplikacja Mobilna,24
2024-04-01,2024,4,Skrypt Automatyczny,Aplikacja Mobilna,2749
2024-05-01,2024,5,Użytkownik (Człowiek),Aplikacja Mobilna,2401558
2024-05-01,2024,5,Bot Wyszukiwarki,Aplikacja Mobilna,34
2024-05-01,2024,5,Skrypt Automatyczny,Aplikacja Mobilna,13553
2024-06-01,2024,6,Użytkownik (Człowiek),Aplikacja Mobilna,2277148
2024-06-01,2024,6,Bot Wyszukiwarki,Aplikacja Mobilna,166
2024-06-01,2024,6,Skrypt Automatyczny,Aplikacja Mobilna,10281
2024-07-01,2024,7,Użytkownik (Człowiek),Aplikacja Mobilna,2435585
2024-07-01,2024,7,Bot Wyszukiwarki,Aplikacja Mobilna,69
2024-07-01,2024,7,Skrypt Automatyczny,Aplikacja Mobilna,7749
2024-08-01,2024,8,Użytkownik (Człowiek),Aplikacja Mobilna,2563952
2024-08-01,2024,8,Bot Wyszukiwarki,Aplikacja Mobilna,138
2024-08-01,2024,8,Skrypt Automatyczny,Aplikacja Mobilna,6618
2024-09-01,2024,9,Użytkownik (Człowiek),Aplikacja Mobilna,2294487
2024-09-01,2024,9,Bot Wyszukiwarki,Aplikacja Mobilna,401
2024-09-01,2024,9,Skrypt Automatyczny,Aplikacja Mobilna,692
2024-10-01,2024,10,Użytkownik (Człowiek),Aplikacja Mobilna,2390699
2024-10-01,2024,10,Bot Wyszukiwarki,Aplikacja Mobilna,123
2024-10-01,2024,10,Skrypt Automatyczny,Aplikacja Mobilna,1787
2024-11-01,2024,11,Użytkownik (Człowiek),Aplikacja Mobilna,2441795
2024-11-01,2024,11,Bot Wyszukiwarki,Aplikacja Mobilna,71
2024-11-01,2024,11,Skrypt Automatyczny,Aplikacja Mobilna,969
2024-12-01,2024,12,Użytkownik (Człowiek),Aplikacja Mobilna,2542886
2024-12-01,2024,12,Bot Wyszukiwarki,Aplikacja Mobilna,29
2024-12-01,2024,12,Skrypt Automatyczny,Aplikacja Mobilna,2519
2025-01-01,2025,1,Użytkownik (Człowiek),Aplikacja Mobilna,2662531
2025-01-01,2025,1,Bot Wyszukiwarki,Aplikacja Mobilna,71
2025-01-01,2025,1,Skrypt Automatyczny,Aplikacja Mobilna,3631
2025-02-01,2025,2,Użytkownik (Człowiek),Aplikacja Mobilna,2267384
2025-02-01,2025,2,Bot Wyszukiwarki,Aplikacja Mobilna,104
2025-02-01,2025,2,Skrypt Automatyczny,Aplikacja Mobilna,2229
2025-03-01,2025,3,Użytkownik (Człowiek),Aplikacja Mobilna,2455531
2025-03-01,2025,3,Bot Wyszukiwarki,Aplikacja Mobilna,102
2025-03-01,2025,3,Skrypt Automatyczny,Aplikacja Mobilna,3167
2025-04-01,2025,4,Użytkownik (Człowiek),Aplikacja Mobilna,2359263
2025-04-01,2025,4,Bot Wyszukiwarki,Aplikacja Mobilna,99
2025-04-01,2025,4,Skrypt Automatyczny,Aplikacja Mobilna,5474
2025-05-01,2025,5,Użytkownik (Człowiek),Aplikacja Mobilna,2173855
2025-05-01,2025,5,Bot Wyszukiwarki,Aplikacja Mobilna,108
2025-05-01,2025,5,Skrypt Automatyczny,Aplikacja Mobilna,11162
2025-06-01,2025,6,Użytkownik (Człowiek),Aplikacja Mobilna,1910157
2025-06-01,2025,6,Bot Wyszukiwarki,Aplikacja Mobilna,54
2025-06-01,2025,6,Skrypt Automatyczny,Aplikacja Mobilna,13996
2025-07-01,2025,7,Użytkownik (Człowiek),Aplikacja Mobilna,2058195
2025-07-01,2025,7,Bot Wyszukiwarki,Aplikacja Mobilna,1
2025-07-01,2025,7,Skrypt Automatyczny,Aplikacja Mobilna,3942
2025-08-01,2025,8,Użytkownik (Człowiek),Aplikacja Mobilna,2319047
2025-08-01,2025,8,Bot Wyszukiwarki,Aplikacja Mobilna,0
2025-08-01,2025,8,Skrypt Automatyczny,Aplikacja Mobilna,3934
2025-09-01,2025,9,Użytkownik (Człowiek),Aplikacja Mobilna,2151055
2025-09-01,2025,9,Bot Wyszukiwarki,Aplikacja Mobilna,2
2025-09-01,2025,9,Skrypt Automatyczny,Aplikacja Mobilna,6666
2025-10-01,2025,10,Użytkownik (Człowiek),Aplikacja Mobilna,2219776
2025-10-01,2025,10,Bot Wyszukiwarki,Aplikacja Mobilna,2
2025-10-01,2025,10,Skrypt Automatyczny,Aplikacja Mobilna,18479
2025-11-01,2025,11,Użytkownik (Człowiek),Aplikacja Mobilna,2247047
2025-11-01,2025,11,Bot Wyszukiwarki,Aplikacja Mobilna,4
2025-11-01,2025,11,Skrypt Automatyczny,Aplikacja Mobilna,11753
2025-12-01,2025,12,Użytkownik (Człowiek),Aplikacja Mobilna,2212732
2025-12-01,2025,12,Bot Wyszukiwarki,Aplikacja Mobilna,0
2025-12-01,2025,12,Skrypt Automatyczny,Aplikacja Mobilna,12020
2026-01-01,2026,1,Użytkownik (Człowiek),Aplikacja Mobilna,2286994
2026-01-01,2026,1,Bot Wyszukiwarki,Aplikacja Mobilna,0
2026-01-01,2026,1,Skrypt Automatyczny,Aplikacja Mobilna,5171
2026-02-01,2026,2,Użytkownik (Człowiek),Aplikacja Mobilna,2009236
2026-02-01,2026,2,Bot Wyszukiwarki,Aplikacja Mobilna,0
2026-02-01,2026,2,Skrypt Automatyczny,Aplikacja Mobilna,10193
2026-03-01,2026,3,Użytkownik (Człowiek),Aplikacja Mobilna,2095861
2026-03-01,2026,3,Bot Wyszukiwarki,Aplikacja Mobilna,2
2026-03-01,2026,3,Skrypt Automatyczny,Aplikacja Mobilna,10179
2026-04-01,2026,4,Użytkownik (Człowiek),Aplikacja Mobilna,2084938
2026-04-01,2026,4,Bot Wyszukiwarki,Aplikacja Mobilna,1
2026-04-01,2026,4,Skrypt Automatyczny,Aplikacja Mobilna,4973
2026-05-01,2026,5,Użytkownik (Człowiek),Aplikacja Mobilna,2100527
2026-05-01,2026,5,Bot Wyszukiwarki,Aplikacja Mobilna,15
2026-05-01,2026,5,Skrypt Automatyczny,Aplikacja Mobilna,11445
2026-06-01,2026,6,Użytkownik (Człowiek),Aplikacja Mobilna,1996047
2026-06-01,2026,6,Bot Wyszukiwarki,Aplikacja Mobilna,5
2026-06-01,2026,6,Skrypt Automatyczny,Aplikacja Mobilna,14515
2016-01-01,2016,1,Użytkownik (Człowiek),Komputer (Desktop),196816749
2016-01-01,2016,1,Bot Wyszukiwarki,Komputer (Desktop),58310694
2016-02-01,2016,2,Użytkownik (Człowiek),Komputer (Desktop),174730678
2016-02-01,2016,2,Bot Wyszukiwarki,Komputer (Desktop),74695761
2016-03-01,2016,3,Użytkownik (Człowiek),Komputer (Desktop),172638154
2016-03-01,2016,3,Bot Wyszukiwarki,Komputer (Desktop),61811847
2016-04-01,2016,4,Użytkownik (Człowiek),Komputer (Desktop),165756201
2016-04-01,2016,4,Bot Wyszukiwarki,Komputer (Desktop),51010667
2016-05-01,2016,5,Użytkownik (Człowiek),Komputer (Desktop),164796775
2016-05-01,2016,5,Bot Wyszukiwarki,Komputer (Desktop),54792139
2016-06-01,2016,6,Użytkownik (Człowiek),Komputer (Desktop),157974427
2016-06-01,2016,6,Bot Wyszukiwarki,Komputer (Desktop),53531027
2016-07-01,2016,7,Użytkownik (Człowiek),Komputer (Desktop),124565150
2016-07-01,2016,7,Bot Wyszukiwarki,Komputer (Desktop),54299547
2016-08-01,2016,8,Użytkownik (Człowiek),Komputer (Desktop),128862113
2016-08-01,2016,8,Bot Wyszukiwarki,Komputer (Desktop),52703228
2016-09-01,2016,9,Użytkownik (Człowiek),Komputer (Desktop),141919497
2016-09-01,2016,9,Bot Wyszukiwarki,Komputer (Desktop),51467105
2016-10-01,2016,10,Użytkownik (Człowiek),Komputer (Desktop),192300483
2016-10-01,2016,10,Bot Wyszukiwarki,Komputer (Desktop),51486269
2016-11-01,2016,11,Użytkownik (Człowiek),Komputer (Desktop),169772584
2016-11-01,2016,11,Bot Wyszukiwarki,Komputer (Desktop),57152922
2016-12-01,2016,12,Użytkownik (Człowiek),Komputer (Desktop),157335505
2016-12-01,2016,12,Bot Wyszukiwarki,Komputer (Desktop),50485881
2017-01-01,2017,1,Użytkownik (Człowiek),Komputer (Desktop),181108958
2017-01-01,2017,1,Bot Wyszukiwarki,Komputer (Desktop),42957126
2017-02-01,2017,2,Użytkownik (Człowiek),Komputer (Desktop),155462821
2017-02-01,2017,2,Bot Wyszukiwarki,Komputer (Desktop),39743685
2017-03-01,2017,3,Użytkownik (Człowiek),Komputer (Desktop),161447057
2017-03-01,2017,3,Bot Wyszukiwarki,Komputer (Desktop),63490858
2017-04-01,2017,4,Użytkownik (Człowiek),Komputer (Desktop),143097152
2017-04-01,2017,4,Bot Wyszukiwarki,Komputer (Desktop),50108910
2017-05-01,2017,5,Użytkownik (Człowiek),Komputer (Desktop),156238085
2017-05-01,2017,5,Bot Wyszukiwarki,Komputer (Desktop),50869934
2017-06-01,2017,6,Użytkownik (Człowiek),Komputer (Desktop),133774355
2017-06-01,2017,6,Bot Wyszukiwarki,Komputer (Desktop),39633897
2017-07-01,2017,7,Użytkownik (Człowiek),Komputer (Desktop),113148495
2017-07-01,2017,7,Bot Wyszukiwarki,Komputer (Desktop),34417497
2017-08-01,2017,8,Użytkownik (Człowiek),Komputer (Desktop),112889854
2017-08-01,2017,8,Bot Wyszukiwarki,Komputer (Desktop),35329793
2017-09-01,2017,9,Użytkownik (Człowiek),Komputer (Desktop),118663061
2017-09-01,2017,9,Bot Wyszukiwarki,Komputer (Desktop),36060201
2017-10-01,2017,10,Użytkownik (Człowiek),Komputer (Desktop),133576470
2017-10-01,2017,10,Bot Wyszukiwarki,Komputer (Desktop),36676609
2017-11-01,2017,11,Użytkownik (Człowiek),Komputer (Desktop),140294488
2017-11-01,2017,11,Bot Wyszukiwarki,Komputer (Desktop),38767154
2017-12-01,2017,12,Użytkownik (Człowiek),Komputer (Desktop),125339282
2017-12-01,2017,12,Bot Wyszukiwarki,Komputer (Desktop),38061490
2018-01-01,2018,1,Użytkownik (Człowiek),Komputer (Desktop),154295776
2018-01-01,2018,1,Bot Wyszukiwarki,Komputer (Desktop),43102042
2018-02-01,2018,2,Użytkownik (Człowiek),Komputer (Desktop),127831742
2018-02-01,2018,2,Bot Wyszukiwarki,Komputer (Desktop),33142053
2018-03-01,2018,3,Użytkownik (Człowiek),Komputer (Desktop),132219986
2018-03-01,2018,3,Bot Wyszukiwarki,Komputer (Desktop),40626673
2018-04-01,2018,4,Użytkownik (Człowiek),Komputer (Desktop),148741867
2018-04-01,2018,4,Bot Wyszukiwarki,Komputer (Desktop),35457081
2018-05-01,2018,5,Użytkownik (Człowiek),Komputer (Desktop),128718846
2018-05-01,2018,5,Bot Wyszukiwarki,Komputer (Desktop),41598540
2018-06-01,2018,6,Użytkownik (Człowiek),Komputer (Desktop),118291208
2018-06-01,2018,6,Bot Wyszukiwarki,Komputer (Desktop),35761254
2018-07-01,2018,7,Użytkownik (Człowiek),Komputer (Desktop),106096498
2018-07-01,2018,7,Bot Wyszukiwarki,Komputer (Desktop),34393745
2018-08-01,2018,8,Użytkownik (Człowiek),Komputer (Desktop),98279142
2018-08-01,2018,8,Bot Wyszukiwarki,Komputer (Desktop),37371549
2018-09-01,2018,9,Użytkownik (Człowiek),Komputer (Desktop),106280603
2018-09-01,2018,9,Bot Wyszukiwarki,Komputer (Desktop),37495881
2018-10-01,2018,10,Użytkownik (Człowiek),Komputer (Desktop),121841196
2018-10-01,2018,10,Bot Wyszukiwarki,Komputer (Desktop),44957691
2018-11-01,2018,11,Użytkownik (Człowiek),Komputer (Desktop),134207081
2018-11-01,2018,11,Bot Wyszukiwarki,Komputer (Desktop),47180344
2018-12-01,2018,12,Użytkownik (Człowiek),Komputer (Desktop),115153022
2018-12-01,2018,12,Bot Wyszukiwarki,Komputer (Desktop),45678603
2019-01-01,2019,1,Użytkownik (Człowiek),Komputer (Desktop),138249527
2019-01-01,2019,1,Bot Wyszukiwarki,Komputer (Desktop),46447687
2019-02-01,2019,2,Użytkownik (Człowiek),Komputer (Desktop),112882588
2019-02-01,2019,2,Bot Wyszukiwarki,Komputer (Desktop),51294297
2019-03-01,2019,3,Użytkownik (Człowiek),Komputer (Desktop),129477238
2019-03-01,2019,3,Bot Wyszukiwarki,Komputer (Desktop),50775272
2019-04-01,2019,4,Użytkownik (Człowiek),Komputer (Desktop),102480170
2019-04-01,2019,4,Bot Wyszukiwarki,Komputer (Desktop),39191932
2019-05-01,2019,5,Użytkownik (Człowiek),Komputer (Desktop),118139802
2019-05-01,2019,5,Bot Wyszukiwarki,Komputer (Desktop),32612275
2019-06-01,2019,6,Użytkownik (Człowiek),Komputer (Desktop),103224124
2019-06-01,2019,6,Bot Wyszukiwarki,Komputer (Desktop),35509526
2019-07-01,2019,7,Użytkownik (Człowiek),Komputer (Desktop),98076170
2019-07-01,2019,7,Bot Wyszukiwarki,Komputer (Desktop),55813135
2019-08-01,2019,8,Użytkownik (Człowiek),Komputer (Desktop),96162030
2019-08-01,2019,8,Bot Wyszukiwarki,Komputer (Desktop),35815053
2019-09-01,2019,9,Użytkownik (Człowiek),Komputer (Desktop),95277365
2019-09-01,2019,9,Bot Wyszukiwarki,Komputer (Desktop),32631353
2019-10-01,2019,10,Użytkownik (Człowiek),Komputer (Desktop),109748906
2019-10-01,2019,10,Bot Wyszukiwarki,Komputer (Desktop),37883647
2019-11-01,2019,11,Użytkownik (Człowiek),Komputer (Desktop),107374787
2019-11-01,2019,11,Bot Wyszukiwarki,Komputer (Desktop),42135740
2019-12-01,2019,12,Użytkownik (Człowiek),Komputer (Desktop),101649050
2019-12-01,2019,12,Bot Wyszukiwarki,Komputer (Desktop),63135297
2020-01-01,2020,1,Użytkownik (Człowiek),Komputer (Desktop),117914004
2020-01-01,2020,1,Bot Wyszukiwarki,Komputer (Desktop),66749175
2020-02-01,2020,2,Użytkownik (Człowiek),Komputer (Desktop),101591224
2020-02-01,2020,2,Bot Wyszukiwarki,Komputer (Desktop),51336110
2020-03-01,2020,3,Użytkownik (Człowiek),Komputer (Desktop),132114235
2020-03-01,2020,3,Bot Wyszukiwarki,Komputer (Desktop),62712122
2020-04-01,2020,4,Użytkownik (Człowiek),Komputer (Desktop),152138288
2020-04-01,2020,4,Bot Wyszukiwarki,Komputer (Desktop),69414253
2020-04-01,2020,4,Skrypt Automatyczny,Komputer (Desktop),179960
2020-05-01,2020,5,Użytkownik (Człowiek),Komputer (Desktop),154834044
2020-05-01,2020,5,Bot Wyszukiwarki,Komputer (Desktop),68220616
2020-05-01,2020,5,Skrypt Automatyczny,Komputer (Desktop),3078012
2020-06-01,2020,6,Użytkownik (Człowiek),Komputer (Desktop),114756343
2020-06-01,2020,6,Bot Wyszukiwarki,Komputer (Desktop),47955328
2020-06-01,2020,6,Skrypt Automatyczny,Komputer (Desktop),3829991
2020-07-01,2020,7,Użytkownik (Człowiek),Komputer (Desktop),83777155
2020-07-01,2020,7,Bot Wyszukiwarki,Komputer (Desktop),51255878
2020-07-01,2020,7,Skrypt Automatyczny,Komputer (Desktop),4823533
2020-08-01,2020,8,Użytkownik (Człowiek),Komputer (Desktop),78668437
2020-08-01,2020,8,Bot Wyszukiwarki,Komputer (Desktop),50458809
2020-08-01,2020,8,Skrypt Automatyczny,Komputer (Desktop),2997613
2020-09-01,2020,9,Użytkownik (Człowiek),Komputer (Desktop),87015900
2020-09-01,2020,9,Bot Wyszukiwarki,Komputer (Desktop),46559298
2020-09-01,2020,9,Skrypt Automatyczny,Komputer (Desktop),3958486
2020-10-01,2020,10,Użytkownik (Człowiek),Komputer (Desktop),113829835
2020-10-01,2020,10,Bot Wyszukiwarki,Komputer (Desktop),44251114
2020-10-01,2020,10,Skrypt Automatyczny,Komputer (Desktop),4061070
2020-11-01,2020,11,Użytkownik (Człowiek),Komputer (Desktop),142885676
2020-11-01,2020,11,Bot Wyszukiwarki,Komputer (Desktop),50435265
2020-11-01,2020,11,Skrypt Automatyczny,Komputer (Desktop),2890053
2020-12-01,2020,12,Użytkownik (Człowiek),Komputer (Desktop),122364120
2020-12-01,2020,12,Bot Wyszukiwarki,Komputer (Desktop),51988523
2020-12-01,2020,12,Skrypt Automatyczny,Komputer (Desktop),3223732
2021-01-01,2021,1,Użytkownik (Człowiek),Komputer (Desktop),132562608
2021-01-01,2021,1,Bot Wyszukiwarki,Komputer (Desktop),50187335
2021-01-01,2021,1,Skrypt Automatyczny,Komputer (Desktop),2713738
2021-02-01,2021,2,Użytkownik (Człowiek),Komputer (Desktop),132111598
2021-02-01,2021,2,Bot Wyszukiwarki,Komputer (Desktop),45542385
2021-02-01,2021,2,Skrypt Automatyczny,Komputer (Desktop),5393662
2021-03-01,2021,3,Użytkownik (Człowiek),Komputer (Desktop),143794577
2021-03-01,2021,3,Bot Wyszukiwarki,Komputer (Desktop),51341123
2021-03-01,2021,3,Skrypt Automatyczny,Komputer (Desktop),2584770
2021-04-01,2021,4,Użytkownik (Człowiek),Komputer (Desktop),126882472
2021-04-01,2021,4,Bot Wyszukiwarki,Komputer (Desktop),56950706
2021-04-01,2021,4,Skrypt Automatyczny,Komputer (Desktop),4790663
2021-05-01,2021,5,Użytkownik (Człowiek),Komputer (Desktop),113814767
2021-05-01,2021,5,Bot Wyszukiwarki,Komputer (Desktop),55610300
2021-05-01,2021,5,Skrypt Automatyczny,Komputer (Desktop),4379063
2021-06-01,2021,6,Użytkownik (Człowiek),Komputer (Desktop),93072950
2021-06-01,2021,6,Bot Wyszukiwarki,Komputer (Desktop),54895019
2021-06-01,2021,6,Skrypt Automatyczny,Komputer (Desktop),5035512
2021-07-01,2021,7,Użytkownik (Człowiek),Komputer (Desktop),78285864
2021-07-01,2021,7,Bot Wyszukiwarki,Komputer (Desktop),51023286
2021-07-01,2021,7,Skrypt Automatyczny,Komputer (Desktop),5733046
2021-08-01,2021,8,Użytkownik (Człowiek),Komputer (Desktop),79880423
2021-08-01,2021,8,Bot Wyszukiwarki,Komputer (Desktop),44490856
2021-08-01,2021,8,Skrypt Automatyczny,Komputer (Desktop),3106524
2021-09-01,2021,9,Użytkownik (Człowiek),Komputer (Desktop),82579817
2021-09-01,2021,9,Bot Wyszukiwarki,Komputer (Desktop),42665564
2021-09-01,2021,9,Skrypt Automatyczny,Komputer (Desktop),4638084
2021-10-01,2021,10,Użytkownik (Człowiek),Komputer (Desktop),94412562
2021-10-01,2021,10,Bot Wyszukiwarki,Komputer (Desktop),52960676
2021-10-01,2021,10,Skrypt Automatyczny,Komputer (Desktop),4913572
2021-11-01,2021,11,Użytkownik (Człowiek),Komputer (Desktop),99506261
2021-11-01,2021,11,Bot Wyszukiwarki,Komputer (Desktop),50706170
2021-11-01,2021,11,Skrypt Automatyczny,Komputer (Desktop),5339506
2021-12-01,2021,12,Użytkownik (Człowiek),Komputer (Desktop),92681242
2021-12-01,2021,12,Bot Wyszukiwarki,Komputer (Desktop),53694939
2021-12-01,2021,12,Skrypt Automatyczny,Komputer (Desktop),6944817
2022-01-01,2022,1,Użytkownik (Człowiek),Komputer (Desktop),112878119
2022-01-01,2022,1,Bot Wyszukiwarki,Komputer (Desktop),59618871
2022-01-01,2022,1,Skrypt Automatyczny,Komputer (Desktop),10177670
2022-02-01,2022,2,Użytkownik (Człowiek),Komputer (Desktop),103570785
2022-02-01,2022,2,Bot Wyszukiwarki,Komputer (Desktop),50395755
2022-02-01,2022,2,Skrypt Automatyczny,Komputer (Desktop),7665044
2022-03-01,2022,3,Użytkownik (Człowiek),Komputer (Desktop),102161359
2022-03-01,2022,3,Bot Wyszukiwarki,Komputer (Desktop),55724275
2022-03-01,2022,3,Skrypt Automatyczny,Komputer (Desktop),5186317
2022-04-01,2022,4,Użytkownik (Człowiek),Komputer (Desktop),87507402
2022-04-01,2022,4,Bot Wyszukiwarki,Komputer (Desktop),47206631
2022-04-01,2022,4,Skrypt Automatyczny,Komputer (Desktop),4887203
2022-05-01,2022,5,Użytkownik (Człowiek),Komputer (Desktop),85582919
2022-05-01,2022,5,Bot Wyszukiwarki,Komputer (Desktop),45426678
2022-05-01,2022,5,Skrypt Automatyczny,Komputer (Desktop),10079308
2022-06-01,2022,6,Użytkownik (Człowiek),Komputer (Desktop),76521261
2022-06-01,2022,6,Bot Wyszukiwarki,Komputer (Desktop),45012158
2022-06-01,2022,6,Skrypt Automatyczny,Komputer (Desktop),8092747
2022-07-01,2022,7,Użytkownik (Człowiek),Komputer (Desktop),64369761
2022-07-01,2022,7,Bot Wyszukiwarki,Komputer (Desktop),42551221
2022-07-01,2022,7,Skrypt Automatyczny,Komputer (Desktop),5264549
2022-08-01,2022,8,Użytkownik (Człowiek),Komputer (Desktop),64870452
2022-08-01,2022,8,Bot Wyszukiwarki,Komputer (Desktop),42250526
2022-08-01,2022,8,Skrypt Automatyczny,Komputer (Desktop),4011607
2022-09-01,2022,9,Użytkownik (Człowiek),Komputer (Desktop),72520626
2022-09-01,2022,9,Bot Wyszukiwarki,Komputer (Desktop),42880835
2022-09-01,2022,9,Skrypt Automatyczny,Komputer (Desktop),7241935
2022-10-01,2022,10,Użytkownik (Człowiek),Komputer (Desktop),78144000
2022-10-01,2022,10,Bot Wyszukiwarki,Komputer (Desktop),42597944
2022-10-01,2022,10,Skrypt Automatyczny,Komputer (Desktop),3948258
2022-11-01,2022,11,Użytkownik (Człowiek),Komputer (Desktop),82922957
2022-11-01,2022,11,Bot Wyszukiwarki,Komputer (Desktop),44625178
2022-11-01,2022,11,Skrypt Automatyczny,Komputer (Desktop),4116480
2022-12-01,2022,12,Użytkownik (Człowiek),Komputer (Desktop),77440479
2022-12-01,2022,12,Bot Wyszukiwarki,Komputer (Desktop),46033690
2022-12-01,2022,12,Skrypt Automatyczny,Komputer (Desktop),4560204
2023-01-01,2023,1,Użytkownik (Człowiek),Komputer (Desktop),91552634
2023-01-01,2023,1,Bot Wyszukiwarki,Komputer (Desktop),45059343
2023-01-01,2023,1,Skrypt Automatyczny,Komputer (Desktop),4294399
2023-02-01,2023,2,Użytkownik (Człowiek),Komputer (Desktop),77374335
2023-02-01,2023,2,Bot Wyszukiwarki,Komputer (Desktop),42061399
2023-02-01,2023,2,Skrypt Automatyczny,Komputer (Desktop),12762403
2023-03-01,2023,3,Użytkownik (Człowiek),Komputer (Desktop),85266494
2023-03-01,2023,3,Bot Wyszukiwarki,Komputer (Desktop),48825641
2023-03-01,2023,3,Skrypt Automatyczny,Komputer (Desktop),7151161
2023-04-01,2023,4,Użytkownik (Człowiek),Komputer (Desktop),75641099
2023-04-01,2023,4,Bot Wyszukiwarki,Komputer (Desktop),53704930
2023-04-01,2023,4,Skrypt Automatyczny,Komputer (Desktop),7137033
2023-05-01,2023,5,Użytkownik (Człowiek),Komputer (Desktop),79719596
2023-05-01,2023,5,Bot Wyszukiwarki,Komputer (Desktop),46165479
2023-05-01,2023,5,Skrypt Automatyczny,Komputer (Desktop),4716841
2023-06-01,2023,6,Użytkownik (Człowiek),Komputer (Desktop),74433612
2023-06-01,2023,6,Bot Wyszukiwarki,Komputer (Desktop),48056411
2023-06-01,2023,6,Skrypt Automatyczny,Komputer (Desktop),7512664
2023-07-01,2023,7,Użytkownik (Człowiek),Komputer (Desktop),65599439
2023-07-01,2023,7,Bot Wyszukiwarki,Komputer (Desktop),45911063
2023-07-01,2023,7,Skrypt Automatyczny,Komputer (Desktop),7438584
2023-08-01,2023,8,Użytkownik (Człowiek),Komputer (Desktop),65849800
2023-08-01,2023,8,Bot Wyszukiwarki,Komputer (Desktop),43775245
2023-08-01,2023,8,Skrypt Automatyczny,Komputer (Desktop),6247438
2023-09-01,2023,9,Użytkownik (Człowiek),Komputer (Desktop),64384673
2023-09-01,2023,9,Bot Wyszukiwarki,Komputer (Desktop),36921551
2023-09-01,2023,9,Skrypt Automatyczny,Komputer (Desktop),5822854
2023-10-01,2023,10,Użytkownik (Człowiek),Komputer (Desktop),73578767
2023-10-01,2023,10,Bot Wyszukiwarki,Komputer (Desktop),39353717
2023-10-01,2023,10,Skrypt Automatyczny,Komputer (Desktop),6456259
2023-11-01,2023,11,Użytkownik (Człowiek),Komputer (Desktop),74667145
2023-11-01,2023,11,Bot Wyszukiwarki,Komputer (Desktop),39461133
2023-11-01,2023,11,Skrypt Automatyczny,Komputer (Desktop),5088059
2023-12-01,2023,12,Użytkownik (Człowiek),Komputer (Desktop),70192628
2023-12-01,2023,12,Bot Wyszukiwarki,Komputer (Desktop),37499958
2023-12-01,2023,12,Skrypt Automatyczny,Komputer (Desktop),6191180
2024-01-01,2024,1,Użytkownik (Człowiek),Komputer (Desktop),90295687
2024-01-01,2024,1,Bot Wyszukiwarki,Komputer (Desktop),41622189
2024-01-01,2024,1,Skrypt Automatyczny,Komputer (Desktop),31635967
2024-02-01,2024,2,Użytkownik (Człowiek),Komputer (Desktop),71628394
2024-02-01,2024,2,Bot Wyszukiwarki,Komputer (Desktop),39088758
2024-02-01,2024,2,Skrypt Automatyczny,Komputer (Desktop),74545402
2024-03-01,2024,3,Użytkownik (Człowiek),Komputer (Desktop),72388311
2024-03-01,2024,3,Bot Wyszukiwarki,Komputer (Desktop),37876130
2024-03-01,2024,3,Skrypt Automatyczny,Komputer (Desktop),9546123
2024-04-01,2024,4,Użytkownik (Człowiek),Komputer (Desktop),69196122
2024-04-01,2024,4,Bot Wyszukiwarki,Komputer (Desktop),40125973
2024-04-01,2024,4,Skrypt Automatyczny,Komputer (Desktop),6784345
2024-05-01,2024,5,Użytkownik (Człowiek),Komputer (Desktop),69579056
2024-05-01,2024,5,Bot Wyszukiwarki,Komputer (Desktop),40716142
2024-05-01,2024,5,Skrypt Automatyczny,Komputer (Desktop),6126325
2024-06-01,2024,6,Użytkownik (Człowiek),Komputer (Desktop),66762166
2024-06-01,2024,6,Bot Wyszukiwarki,Komputer (Desktop),46288767
2024-06-01,2024,6,Skrypt Automatyczny,Komputer (Desktop),7367796
2024-07-01,2024,7,Użytkownik (Człowiek),Komputer (Desktop),60736994
2024-07-01,2024,7,Bot Wyszukiwarki,Komputer (Desktop),33819573
2024-07-01,2024,7,Skrypt Automatyczny,Komputer (Desktop),8154185
2024-08-01,2024,8,Użytkownik (Człowiek),Komputer (Desktop),61946198
2024-08-01,2024,8,Bot Wyszukiwarki,Komputer (Desktop),40768130
2024-08-01,2024,8,Skrypt Automatyczny,Komputer (Desktop),9660674
2024-09-01,2024,9,Użytkownik (Człowiek),Komputer (Desktop),60773738
2024-09-01,2024,9,Bot Wyszukiwarki,Komputer (Desktop),31197786
2024-09-01,2024,9,Skrypt Automatyczny,Komputer (Desktop),10948242
2024-10-01,2024,10,Użytkownik (Człowiek),Komputer (Desktop),69634251
2024-10-01,2024,10,Bot Wyszukiwarki,Komputer (Desktop),24360123
2024-10-01,2024,10,Skrypt Automatyczny,Komputer (Desktop),9889041
2024-11-01,2024,11,Użytkownik (Człowiek),Komputer (Desktop),70250623
2024-11-01,2024,11,Bot Wyszukiwarki,Komputer (Desktop),24803537
2024-11-01,2024,11,Skrypt Automatyczny,Komputer (Desktop),13961044
2024-12-01,2024,12,Użytkownik (Człowiek),Komputer (Desktop),67523768
2024-12-01,2024,12,Bot Wyszukiwarki,Komputer (Desktop),23371998
2024-12-01,2024,12,Skrypt Automatyczny,Komputer (Desktop),14965756
2025-01-01,2025,1,Użytkownik (Człowiek),Komputer (Desktop),81605352
2025-01-01,2025,1,Bot Wyszukiwarki,Komputer (Desktop),25690678
2025-01-01,2025,1,Skrypt Automatyczny,Komputer (Desktop),16317156
2025-02-01,2025,2,Użytkownik (Człowiek),Komputer (Desktop),69421281
2025-02-01,2025,2,Bot Wyszukiwarki,Komputer (Desktop),23389501
2025-02-01,2025,2,Skrypt Automatyczny,Komputer (Desktop),13711025
2025-03-01,2025,3,Użytkownik (Człowiek),Komputer (Desktop),74706375
2025-03-01,2025,3,Bot Wyszukiwarki,Komputer (Desktop),32676389
2025-03-01,2025,3,Skrypt Automatyczny,Komputer (Desktop),16480776
2025-04-01,2025,4,Użytkownik (Człowiek),Komputer (Desktop),63260960
2025-04-01,2025,4,Bot Wyszukiwarki,Komputer (Desktop),31773730
2025-04-01,2025,4,Skrypt Automatyczny,Komputer (Desktop),17112429
2025-05-01,2025,5,Użytkownik (Człowiek),Komputer (Desktop),60881419
2025-05-01,2025,5,Bot Wyszukiwarki,Komputer (Desktop),31398314
2025-05-01,2025,5,Skrypt Automatyczny,Komputer (Desktop),28324420
2025-06-01,2025,6,Użytkownik (Człowiek),Komputer (Desktop),53878251
2025-06-01,2025,6,Bot Wyszukiwarki,Komputer (Desktop),26091667
2025-06-01,2025,6,Skrypt Automatyczny,Komputer (Desktop),25223582
2025-07-01,2025,7,Użytkownik (Człowiek),Komputer (Desktop),58038449
2025-07-01,2025,7,Bot Wyszukiwarki,Komputer (Desktop),34189426
2025-07-01,2025,7,Skrypt Automatyczny,Komputer (Desktop),18018940
2025-08-01,2025,8,Użytkownik (Człowiek),Komputer (Desktop),56414326
2025-08-01,2025,8,Bot Wyszukiwarki,Komputer (Desktop),42303687
2025-08-01,2025,8,Skrypt Automatyczny,Komputer (Desktop),20411847
2025-09-01,2025,9,Użytkownik (Człowiek),Komputer (Desktop),57357035
2025-09-01,2025,9,Bot Wyszukiwarki,Komputer (Desktop),45457497
2025-09-01,2025,9,Skrypt Automatyczny,Komputer (Desktop),27313774
2025-10-01,2025,10,Użytkownik (Człowiek),Komputer (Desktop),66640012
2025-10-01,2025,10,Bot Wyszukiwarki,Komputer (Desktop),47925707
2025-10-01,2025,10,Skrypt Automatyczny,Komputer (Desktop),18724813
2025-11-01,2025,11,Użytkownik (Człowiek),Komputer (Desktop),89594598
2025-11-01,2025,11,Bot Wyszukiwarki,Komputer (Desktop),45966356
2025-11-01,2025,11,Skrypt Automatyczny,Komputer (Desktop),34215919
2025-12-01,2025,12,Użytkownik (Człowiek),Komputer (Desktop),61483711
2025-12-01,2025,12,Bot Wyszukiwarki,Komputer (Desktop),39172244
2025-12-01,2025,12,Skrypt Automatyczny,Komputer (Desktop),78690569
2026-01-01,2026,1,Użytkownik (Człowiek),Komputer (Desktop),67998279
2026-01-01,2026,1,Bot Wyszukiwarki,Komputer (Desktop),33524631
2026-01-01,2026,1,Skrypt Automatyczny,Komputer (Desktop),75668324
2026-02-01,2026,2,Użytkownik (Człowiek),Komputer (Desktop),55509513
2026-02-01,2026,2,Bot Wyszukiwarki,Komputer (Desktop),28172478
2026-02-01,2026,2,Skrypt Automatyczny,Komputer (Desktop),26817682
2026-03-01,2026,3,Użytkownik (Człowiek),Komputer (Desktop),60187212
2026-03-01,2026,3,Bot Wyszukiwarki,Komputer (Desktop),28212094
2026-03-01,2026,3,Skrypt Automatyczny,Komputer (Desktop),35209582
2026-04-01,2026,4,Użytkownik (Człowiek),Komputer (Desktop),56370788
2026-04-01,2026,4,Bot Wyszukiwarki,Komputer (Desktop),25442323
2026-04-01,2026,4,Skrypt Automatyczny,Komputer (Desktop),26539790
2026-05-01,2026,5,Użytkownik (Człowiek),Komputer (Desktop),64182874
2026-05-01,2026,5,Bot Wyszukiwarki,Komputer (Desktop),30861801
2026-05-01,2026,5,Skrypt Automatyczny,Komputer (Desktop),24568104
2026-06-01,2026,6,Użytkownik (Człowiek),Komputer (Desktop),65467037
2026-06-01,2026,6,Bot Wyszukiwarki,Komputer (Desktop),26249971
2026-06-01,2026,6,Skrypt Automatyczny,Komputer (Desktop),25085340
2016-01-01,2016,1,Użytkownik (Człowiek),Przeglądarka Mobilna,98168378
2016-01-01,2016,1,Bot Wyszukiwarki,Przeglądarka Mobilna,12577958
2016-02-01,2016,2,Użytkownik (Człowiek),Przeglądarka Mobilna,86960583
2016-02-01,2016,2,Bot Wyszukiwarki,Przeglądarka Mobilna,10822870
2016-03-01,2016,3,Użytkownik (Człowiek),Przeglądarka Mobilna,94800033
2016-03-01,2016,3,Bot Wyszukiwarki,Przeglądarka Mobilna,10130841
2016-04-01,2016,4,Użytkownik (Człowiek),Przeglądarka Mobilna,88299617
2016-04-01,2016,4,Bot Wyszukiwarki,Przeglądarka Mobilna,7182050
2016-05-01,2016,5,Użytkownik (Człowiek),Przeglądarka Mobilna,89380771
2016-05-01,2016,5,Bot Wyszukiwarki,Przeglądarka Mobilna,6318097
2016-06-01,2016,6,Użytkownik (Człowiek),Przeglądarka Mobilna,83655760
2016-06-01,2016,6,Bot Wyszukiwarki,Przeglądarka Mobilna,6312815
2016-07-01,2016,7,Użytkownik (Człowiek),Przeglądarka Mobilna,79725989
2016-07-01,2016,7,Bot Wyszukiwarki,Przeglądarka Mobilna,8537641
2016-08-01,2016,8,Użytkownik (Człowiek),Przeglądarka Mobilna,81532692
2016-08-01,2016,8,Bot Wyszukiwarki,Przeglądarka Mobilna,8982270
2016-09-01,2016,9,Użytkownik (Człowiek),Przeglądarka Mobilna,85541203
2016-09-01,2016,9,Bot Wyszukiwarki,Przeglądarka Mobilna,10646333
2016-10-01,2016,10,Użytkownik (Człowiek),Przeglądarka Mobilna,99737079
2016-10-01,2016,10,Bot Wyszukiwarki,Przeglądarka Mobilna,8213342
2016-11-01,2016,11,Użytkownik (Człowiek),Przeglądarka Mobilna,106587478
2016-11-01,2016,11,Bot Wyszukiwarki,Przeglądarka Mobilna,8400000
2016-12-01,2016,12,Użytkownik (Człowiek),Przeglądarka Mobilna,102119201
2016-12-01,2016,12,Bot Wyszukiwarki,Przeglądarka Mobilna,8133270
2017-01-01,2017,1,Użytkownik (Człowiek),Przeglądarka Mobilna,117961494
2017-01-01,2017,1,Bot Wyszukiwarki,Przeglądarka Mobilna,6918971
2017-02-01,2017,2,Użytkownik (Człowiek),Przeglądarka Mobilna,106335204
2017-02-01,2017,2,Bot Wyszukiwarki,Przeglądarka Mobilna,6779053
2017-03-01,2017,3,Użytkownik (Człowiek),Przeglądarka Mobilna,111912777
2017-03-01,2017,3,Bot Wyszukiwarki,Przeglądarka Mobilna,11015301
2017-04-01,2017,4,Użytkownik (Człowiek),Przeglądarka Mobilna,106765312
2017-04-01,2017,4,Bot Wyszukiwarki,Przeglądarka Mobilna,8760822
2017-05-01,2017,5,Użytkownik (Człowiek),Przeglądarka Mobilna,107559468
2017-05-01,2017,5,Bot Wyszukiwarki,Przeglądarka Mobilna,8616688
2017-06-01,2017,6,Użytkownik (Człowiek),Przeglądarka Mobilna,92772206
2017-06-01,2017,6,Bot Wyszukiwarki,Przeglądarka Mobilna,5501900
2017-07-01,2017,7,Użytkownik (Człowiek),Przeglądarka Mobilna,91315344
2017-07-01,2017,7,Bot Wyszukiwarki,Przeglądarka Mobilna,3488576
2017-08-01,2017,8,Użytkownik (Człowiek),Przeglądarka Mobilna,95340962
2017-08-01,2017,8,Bot Wyszukiwarki,Przeglądarka Mobilna,3876454
2017-09-01,2017,9,Użytkownik (Człowiek),Przeglądarka Mobilna,103683051
2017-09-01,2017,9,Bot Wyszukiwarki,Przeglądarka Mobilna,3056471
2017-10-01,2017,10,Użytkownik (Człowiek),Przeglądarka Mobilna,111723321
2017-10-01,2017,10,Bot Wyszukiwarki,Przeglądarka Mobilna,3146144
2017-11-01,2017,11,Użytkownik (Człowiek),Przeglądarka Mobilna,116665281
2017-11-01,2017,11,Bot Wyszukiwarki,Przeglądarka Mobilna,3791306
2017-12-01,2017,12,Użytkownik (Człowiek),Przeglądarka Mobilna,112314801
2017-12-01,2017,12,Bot Wyszukiwarki,Przeglądarka Mobilna,4649425
2018-01-01,2018,1,Użytkownik (Człowiek),Przeglądarka Mobilna,137416916
2018-01-01,2018,1,Bot Wyszukiwarki,Przeglądarka Mobilna,4158411
2018-02-01,2018,2,Użytkownik (Człowiek),Przeglądarka Mobilna,119816913
2018-02-01,2018,2,Bot Wyszukiwarki,Przeglądarka Mobilna,5361626
2018-03-01,2018,3,Użytkownik (Człowiek),Przeglądarka Mobilna,125477591
2018-03-01,2018,3,Bot Wyszukiwarki,Przeglądarka Mobilna,7576284
2018-04-01,2018,4,Użytkownik (Człowiek),Przeglądarka Mobilna,115601117
2018-04-01,2018,4,Bot Wyszukiwarki,Przeglądarka Mobilna,7909607
2018-05-01,2018,5,Użytkownik (Człowiek),Przeglądarka Mobilna,126064108
2018-05-01,2018,5,Bot Wyszukiwarki,Przeglądarka Mobilna,9111545
2018-06-01,2018,6,Użytkownik (Człowiek),Przeglądarka Mobilna,119849341
2018-06-01,2018,6,Bot Wyszukiwarki,Przeglądarka Mobilna,8869567
2018-07-01,2018,7,Użytkownik (Człowiek),Przeglądarka Mobilna,123473613
2018-07-01,2018,7,Bot Wyszukiwarki,Przeglądarka Mobilna,7785797
2018-08-01,2018,8,Użytkownik (Człowiek),Przeglądarka Mobilna,116821677
2018-08-01,2018,8,Bot Wyszukiwarki,Przeglądarka Mobilna,10301872
2018-09-01,2018,9,Użytkownik (Człowiek),Przeglądarka Mobilna,119589658
2018-09-01,2018,9,Bot Wyszukiwarki,Przeglądarka Mobilna,10655250
2018-10-01,2018,10,Użytkownik (Człowiek),Przeglądarka Mobilna,125239889
2018-10-01,2018,10,Bot Wyszukiwarki,Przeglądarka Mobilna,10421903
2018-11-01,2018,11,Użytkownik (Człowiek),Przeglądarka Mobilna,136479520
2018-11-01,2018,11,Bot Wyszukiwarki,Przeglądarka Mobilna,9552187
2018-12-01,2018,12,Użytkownik (Człowiek),Przeglądarka Mobilna,137781555
2018-12-01,2018,12,Bot Wyszukiwarki,Przeglądarka Mobilna,12390161
2019-01-01,2019,1,Użytkownik (Człowiek),Przeglądarka Mobilna,151523893
2019-01-01,2019,1,Bot Wyszukiwarki,Przeglądarka Mobilna,10893201
2019-02-01,2019,2,Użytkownik (Człowiek),Przeglądarka Mobilna,130282645
2019-02-01,2019,2,Bot Wyszukiwarki,Przeglądarka Mobilna,11365628
2019-03-01,2019,3,Użytkownik (Człowiek),Przeglądarka Mobilna,146661020
2019-03-01,2019,3,Bot Wyszukiwarki,Przeglądarka Mobilna,11133153
2019-04-01,2019,4,Użytkownik (Człowiek),Przeglądarka Mobilna,127636041
2019-04-01,2019,4,Bot Wyszukiwarki,Przeglądarka Mobilna,10492526
2019-05-01,2019,5,Użytkownik (Człowiek),Przeglądarka Mobilna,145259326
2019-05-01,2019,5,Bot Wyszukiwarki,Przeglądarka Mobilna,10414650
2019-06-01,2019,6,Użytkownik (Człowiek),Przeglądarka Mobilna,124599807
2019-06-01,2019,6,Bot Wyszukiwarki,Przeglądarka Mobilna,7568076
2019-07-01,2019,7,Użytkownik (Człowiek),Przeglądarka Mobilna,126758811
2019-07-01,2019,7,Bot Wyszukiwarki,Przeglądarka Mobilna,10876976
2019-08-01,2019,8,Użytkownik (Człowiek),Przeglądarka Mobilna,135725875
2019-08-01,2019,8,Bot Wyszukiwarki,Przeglądarka Mobilna,10837818
2019-09-01,2019,9,Użytkownik (Człowiek),Przeglądarka Mobilna,135139772
2019-09-01,2019,9,Bot Wyszukiwarki,Przeglądarka Mobilna,7683096
2019-10-01,2019,10,Użytkownik (Człowiek),Przeglądarka Mobilna,145900355
2019-10-01,2019,10,Bot Wyszukiwarki,Przeglądarka Mobilna,8805037
2019-11-01,2019,11,Użytkownik (Człowiek),Przeglądarka Mobilna,149026857
2019-11-01,2019,11,Bot Wyszukiwarki,Przeglądarka Mobilna,8312845
2019-12-01,2019,12,Użytkownik (Człowiek),Przeglądarka Mobilna,142582034
2019-12-01,2019,12,Bot Wyszukiwarki,Przeglądarka Mobilna,10127284
2020-01-01,2020,1,Użytkownik (Człowiek),Przeglądarka Mobilna,161040767
2020-01-01,2020,1,Bot Wyszukiwarki,Przeglądarka Mobilna,9568324
2020-02-01,2020,2,Użytkownik (Człowiek),Przeglądarka Mobilna,141416712
2020-02-01,2020,2,Bot Wyszukiwarki,Przeglądarka Mobilna,7467386
2020-03-01,2020,3,Użytkownik (Człowiek),Przeglądarka Mobilna,157247140
2020-03-01,2020,3,Bot Wyszukiwarki,Przeglądarka Mobilna,7901608
2020-04-01,2020,4,Użytkownik (Człowiek),Przeglądarka Mobilna,168483953
2020-04-01,2020,4,Bot Wyszukiwarki,Przeglądarka Mobilna,9804250
2020-04-01,2020,4,Skrypt Automatyczny,Przeglądarka Mobilna,6039
2020-05-01,2020,5,Użytkownik (Człowiek),Przeglądarka Mobilna,168234716
2020-05-01,2020,5,Bot Wyszukiwarki,Przeglądarka Mobilna,11095188
2020-05-01,2020,5,Skrypt Automatyczny,Przeglądarka Mobilna,298929
2020-06-01,2020,6,Użytkownik (Człowiek),Przeglądarka Mobilna,136437358
2020-06-01,2020,6,Bot Wyszukiwarki,Przeglądarka Mobilna,7370385
2020-06-01,2020,6,Skrypt Automatyczny,Przeglądarka Mobilna,665005
2020-07-01,2020,7,Użytkownik (Człowiek),Przeglądarka Mobilna,130356455
2020-07-01,2020,7,Bot Wyszukiwarki,Przeglądarka Mobilna,7978652
2020-07-01,2020,7,Skrypt Automatyczny,Przeglądarka Mobilna,404287
2020-08-01,2020,8,Użytkownik (Człowiek),Przeglądarka Mobilna,134459137
2020-08-01,2020,8,Bot Wyszukiwarki,Przeglądarka Mobilna,6864527
2020-08-01,2020,8,Skrypt Automatyczny,Przeglądarka Mobilna,306064
2020-09-01,2020,9,Użytkownik (Człowiek),Przeglądarka Mobilna,131949579
2020-09-01,2020,9,Bot Wyszukiwarki,Przeglądarka Mobilna,6904681
2020-09-01,2020,9,Skrypt Automatyczny,Przeglądarka Mobilna,264182
2020-10-01,2020,10,Użytkownik (Człowiek),Przeglądarka Mobilna,145058212
2020-10-01,2020,10,Bot Wyszukiwarki,Przeglądarka Mobilna,8334694
2020-10-01,2020,10,Skrypt Automatyczny,Przeglądarka Mobilna,219860
2020-11-01,2020,11,Użytkownik (Człowiek),Przeglądarka Mobilna,166938543
2020-11-01,2020,11,Bot Wyszukiwarki,Przeglądarka Mobilna,8311098
2020-11-01,2020,11,Skrypt Automatyczny,Przeglądarka Mobilna,290666
2020-12-01,2020,12,Użytkownik (Człowiek),Przeglądarka Mobilna,154063202
2020-12-01,2020,12,Bot Wyszukiwarki,Przeglądarka Mobilna,12551865
2020-12-01,2020,12,Skrypt Automatyczny,Przeglądarka Mobilna,387066
2021-01-01,2021,1,Użytkownik (Człowiek),Przeglądarka Mobilna,170019077
2021-01-01,2021,1,Bot Wyszukiwarki,Przeglądarka Mobilna,12160731
2021-01-01,2021,1,Skrypt Automatyczny,Przeglądarka Mobilna,615677
2021-02-01,2021,2,Użytkownik (Człowiek),Przeglądarka Mobilna,147526458
2021-02-01,2021,2,Bot Wyszukiwarki,Przeglądarka Mobilna,10678127
2021-02-01,2021,2,Skrypt Automatyczny,Przeglądarka Mobilna,370932
2021-03-01,2021,3,Użytkownik (Człowiek),Przeglądarka Mobilna,161632080
2021-03-01,2021,3,Bot Wyszukiwarki,Przeglądarka Mobilna,12440665
2021-03-01,2021,3,Skrypt Automatyczny,Przeglądarka Mobilna,444906
2021-04-01,2021,4,Użytkownik (Człowiek),Przeglądarka Mobilna,162967556
2021-04-01,2021,4,Bot Wyszukiwarki,Przeglądarka Mobilna,11165695
2021-04-01,2021,4,Skrypt Automatyczny,Przeglądarka Mobilna,595881
2021-05-01,2021,5,Użytkownik (Człowiek),Przeglądarka Mobilna,148836968
2021-05-01,2021,5,Bot Wyszukiwarki,Przeglądarka Mobilna,10777162
2021-05-01,2021,5,Skrypt Automatyczny,Przeglądarka Mobilna,534382
2021-06-01,2021,6,Użytkownik (Człowiek),Przeglądarka Mobilna,132962045
2021-06-01,2021,6,Bot Wyszukiwarki,Przeglądarka Mobilna,8593786
2021-06-01,2021,6,Skrypt Automatyczny,Przeglądarka Mobilna,884618
2021-07-01,2021,7,Użytkownik (Człowiek),Przeglądarka Mobilna,136804378
2021-07-01,2021,7,Bot Wyszukiwarki,Przeglądarka Mobilna,6710295
2021-07-01,2021,7,Skrypt Automatyczny,Przeglądarka Mobilna,4362076
2021-08-01,2021,8,Użytkownik (Człowiek),Przeglądarka Mobilna,144919799
2021-08-01,2021,8,Bot Wyszukiwarki,Przeglądarka Mobilna,7311157
2021-08-01,2021,8,Skrypt Automatyczny,Przeglądarka Mobilna,1027671
2021-09-01,2021,9,Użytkownik (Człowiek),Przeglądarka Mobilna,137318325
2021-09-01,2021,9,Bot Wyszukiwarki,Przeglądarka Mobilna,8343900
2021-09-01,2021,9,Skrypt Automatyczny,Przeglądarka Mobilna,1213017
2021-10-01,2021,10,Użytkownik (Człowiek),Przeglądarka Mobilna,146181566
2021-10-01,2021,10,Bot Wyszukiwarki,Przeglądarka Mobilna,10350736
2021-10-01,2021,10,Skrypt Automatyczny,Przeglądarka Mobilna,1532807
2021-11-01,2021,11,Użytkownik (Człowiek),Przeglądarka Mobilna,151214379
2021-11-01,2021,11,Bot Wyszukiwarki,Przeglądarka Mobilna,9568064
2021-11-01,2021,11,Skrypt Automatyczny,Przeglądarka Mobilna,1042285
2021-12-01,2021,12,Użytkownik (Człowiek),Przeglądarka Mobilna,146562941
2021-12-01,2021,12,Bot Wyszukiwarki,Przeglądarka Mobilna,8972391
2021-12-01,2021,12,Skrypt Automatyczny,Przeglądarka Mobilna,2597402
2022-01-01,2022,1,Użytkownik (Człowiek),Przeglądarka Mobilna,166793371
2022-01-01,2022,1,Bot Wyszukiwarki,Przeglądarka Mobilna,11484606
2022-01-01,2022,1,Skrypt Automatyczny,Przeglądarka Mobilna,1694410
2022-02-01,2022,2,Użytkownik (Człowiek),Przeglądarka Mobilna,151809797
2022-02-01,2022,2,Bot Wyszukiwarki,Przeglądarka Mobilna,12791106
2022-02-01,2022,2,Skrypt Automatyczny,Przeglądarka Mobilna,1472513
2022-03-01,2022,3,Użytkownik (Człowiek),Przeglądarka Mobilna,155603608
2022-03-01,2022,3,Bot Wyszukiwarki,Przeglądarka Mobilna,11138664
2022-03-01,2022,3,Skrypt Automatyczny,Przeglądarka Mobilna,1373116
2022-04-01,2022,4,Użytkownik (Człowiek),Przeglądarka Mobilna,140040445
2022-04-01,2022,4,Bot Wyszukiwarki,Przeglądarka Mobilna,12218938
2022-04-01,2022,4,Skrypt Automatyczny,Przeglądarka Mobilna,1717687
2022-05-01,2022,5,Użytkownik (Człowiek),Przeglądarka Mobilna,129532646
2022-05-01,2022,5,Bot Wyszukiwarki,Przeglądarka Mobilna,17687110
2022-05-01,2022,5,Skrypt Automatyczny,Przeglądarka Mobilna,1552750
2022-06-01,2022,6,Użytkownik (Człowiek),Przeglądarka Mobilna,116878749
2022-06-01,2022,6,Bot Wyszukiwarki,Przeglądarka Mobilna,16224327
2022-06-01,2022,6,Skrypt Automatyczny,Przeglądarka Mobilna,1801092
2022-07-01,2022,7,Użytkownik (Człowiek),Przeglądarka Mobilna,123249693
2022-07-01,2022,7,Bot Wyszukiwarki,Przeglądarka Mobilna,15039473
2022-07-01,2022,7,Skrypt Automatyczny,Przeglądarka Mobilna,10854622
2022-08-01,2022,8,Użytkownik (Człowiek),Przeglądarka Mobilna,129184653
2022-08-01,2022,8,Bot Wyszukiwarki,Przeglądarka Mobilna,14031657
2022-08-01,2022,8,Skrypt Automatyczny,Przeglądarka Mobilna,19963679
2022-09-01,2022,9,Użytkownik (Człowiek),Przeglądarka Mobilna,139575236
2022-09-01,2022,9,Bot Wyszukiwarki,Przeglądarka Mobilna,14324625
2022-09-01,2022,9,Skrypt Automatyczny,Przeglądarka Mobilna,30568130
2022-10-01,2022,10,Użytkownik (Człowiek),Przeglądarka Mobilna,141779586
2022-10-01,2022,10,Bot Wyszukiwarki,Przeglądarka Mobilna,13342303
2022-10-01,2022,10,Skrypt Automatyczny,Przeglądarka Mobilna,25827087
2022-11-01,2022,11,Użytkownik (Człowiek),Przeglądarka Mobilna,150951376
2022-11-01,2022,11,Bot Wyszukiwarki,Przeglądarka Mobilna,12630617
2022-11-01,2022,11,Skrypt Automatyczny,Przeglądarka Mobilna,37604824
2022-12-01,2022,12,Użytkownik (Człowiek),Przeglądarka Mobilna,144663759
2022-12-01,2022,12,Bot Wyszukiwarki,Przeglądarka Mobilna,20135458
2022-12-01,2022,12,Skrypt Automatyczny,Przeglądarka Mobilna,5023452
2023-01-01,2023,1,Użytkownik (Człowiek),Przeglądarka Mobilna,156734110
2023-01-01,2023,1,Bot Wyszukiwarki,Przeglądarka Mobilna,14755541
2023-01-01,2023,1,Skrypt Automatyczny,Przeglądarka Mobilna,14625850
2023-02-01,2023,2,Użytkownik (Człowiek),Przeglądarka Mobilna,136293352
2023-02-01,2023,2,Bot Wyszukiwarki,Przeglądarka Mobilna,11899367
2023-02-01,2023,2,Skrypt Automatyczny,Przeglądarka Mobilna,26457113
2023-03-01,2023,3,Użytkownik (Człowiek),Przeglądarka Mobilna,147598070
2023-03-01,2023,3,Bot Wyszukiwarki,Przeglądarka Mobilna,14845770
2023-03-01,2023,3,Skrypt Automatyczny,Przeglądarka Mobilna,30083378
2023-04-01,2023,4,Użytkownik (Człowiek),Przeglądarka Mobilna,139261815
2023-04-01,2023,4,Bot Wyszukiwarki,Przeglądarka Mobilna,14889713
2023-04-01,2023,4,Skrypt Automatyczny,Przeglądarka Mobilna,14671667
2023-05-01,2023,5,Użytkownik (Człowiek),Przeglądarka Mobilna,151425743
2023-05-01,2023,5,Bot Wyszukiwarki,Przeglądarka Mobilna,14135154
2023-05-01,2023,5,Skrypt Automatyczny,Przeglądarka Mobilna,32870607
2023-06-01,2023,6,Użytkownik (Człowiek),Przeglądarka Mobilna,140998131
2023-06-01,2023,6,Bot Wyszukiwarki,Przeglądarka Mobilna,14334580
2023-06-01,2023,6,Skrypt Automatyczny,Przeglądarka Mobilna,30603065
2023-07-01,2023,7,Użytkownik (Człowiek),Przeglądarka Mobilna,145631563
2023-07-01,2023,7,Bot Wyszukiwarki,Przeglądarka Mobilna,14204712
2023-07-01,2023,7,Skrypt Automatyczny,Przeglądarka Mobilna,32831484
2023-08-01,2023,8,Użytkownik (Człowiek),Przeglądarka Mobilna,152133225
2023-08-01,2023,8,Bot Wyszukiwarki,Przeglądarka Mobilna,13292970
2023-08-01,2023,8,Skrypt Automatyczny,Przeglądarka Mobilna,34434371
2023-09-01,2023,9,Użytkownik (Człowiek),Przeglądarka Mobilna,136663752
2023-09-01,2023,9,Bot Wyszukiwarki,Przeglądarka Mobilna,13455720
2023-09-01,2023,9,Skrypt Automatyczny,Przeglądarka Mobilna,34787576
2023-10-01,2023,10,Użytkownik (Człowiek),Przeglądarka Mobilna,145161269
2023-10-01,2023,10,Bot Wyszukiwarki,Przeglądarka Mobilna,17875191
2023-10-01,2023,10,Skrypt Automatyczny,Przeglądarka Mobilna,36565464
2023-11-01,2023,11,Użytkownik (Człowiek),Przeglądarka Mobilna,145823224
2023-11-01,2023,11,Bot Wyszukiwarki,Przeglądarka Mobilna,14588715
2023-11-01,2023,11,Skrypt Automatyczny,Przeglądarka Mobilna,33802606
2023-12-01,2023,12,Użytkownik (Człowiek),Przeglądarka Mobilna,151981374
2023-12-01,2023,12,Bot Wyszukiwarki,Przeglądarka Mobilna,21502565
2023-12-01,2023,12,Skrypt Automatyczny,Przeglądarka Mobilna,36044766
2024-01-01,2024,1,Użytkownik (Człowiek),Przeglądarka Mobilna,165633436
2024-01-01,2024,1,Bot Wyszukiwarki,Przeglądarka Mobilna,22548710
2024-01-01,2024,1,Skrypt Automatyczny,Przeglądarka Mobilna,38748562
2024-02-01,2024,2,Użytkownik (Człowiek),Przeglądarka Mobilna,141654467
2024-02-01,2024,2,Bot Wyszukiwarki,Przeglądarka Mobilna,21994947
2024-02-01,2024,2,Skrypt Automatyczny,Przeglądarka Mobilna,35914588
2024-03-01,2024,3,Użytkownik (Człowiek),Przeglądarka Mobilna,147641500
2024-03-01,2024,3,Bot Wyszukiwarki,Przeglądarka Mobilna,18972490
2024-03-01,2024,3,Skrypt Automatyczny,Przeglądarka Mobilna,37178002
2024-04-01,2024,4,Użytkownik (Człowiek),Przeglądarka Mobilna,140868023
2024-04-01,2024,4,Bot Wyszukiwarki,Przeglądarka Mobilna,18812401
2024-04-01,2024,4,Skrypt Automatyczny,Przeglądarka Mobilna,35104372
2024-05-01,2024,5,Użytkownik (Człowiek),Przeglądarka Mobilna,141504074
2024-05-01,2024,5,Bot Wyszukiwarki,Przeglądarka Mobilna,18410907
2024-05-01,2024,5,Skrypt Automatyczny,Przeglądarka Mobilna,12107314
2024-06-01,2024,6,Użytkownik (Człowiek),Przeglądarka Mobilna,133728438
2024-06-01,2024,6,Bot Wyszukiwarki,Przeglądarka Mobilna,18497340
2024-06-01,2024,6,Skrypt Automatyczny,Przeglądarka Mobilna,2362074
2024-07-01,2024,7,Użytkownik (Człowiek),Przeglądarka Mobilna,140059518
2024-07-01,2024,7,Bot Wyszukiwarki,Przeglądarka Mobilna,19103870
2024-07-01,2024,7,Skrypt Automatyczny,Przeglądarka Mobilna,2158863
2024-08-01,2024,8,Użytkownik (Człowiek),Przeglądarka Mobilna,146720879
2024-08-01,2024,8,Bot Wyszukiwarki,Przeglądarka Mobilna,18272960
2024-08-01,2024,8,Skrypt Automatyczny,Przeglądarka Mobilna,2271782
2024-09-01,2024,9,Użytkownik (Człowiek),Przeglądarka Mobilna,129424998
2024-09-01,2024,9,Bot Wyszukiwarki,Przeglądarka Mobilna,17877424
2024-09-01,2024,9,Skrypt Automatyczny,Przeglądarka Mobilna,4364271
2024-10-01,2024,10,Użytkownik (Człowiek),Przeglądarka Mobilna,136676998
2024-10-01,2024,10,Bot Wyszukiwarki,Przeglądarka Mobilna,16263281
2024-10-01,2024,10,Skrypt Automatyczny,Przeglądarka Mobilna,4310900
2024-11-01,2024,11,Użytkownik (Człowiek),Przeglądarka Mobilna,146243679
2024-11-01,2024,11,Bot Wyszukiwarki,Przeglądarka Mobilna,15850948
2024-11-01,2024,11,Skrypt Automatyczny,Przeglądarka Mobilna,3550316
2024-12-01,2024,12,Użytkownik (Człowiek),Przeglądarka Mobilna,149710213
2024-12-01,2024,12,Bot Wyszukiwarki,Przeglądarka Mobilna,18646428
2024-12-01,2024,12,Skrypt Automatyczny,Przeglądarka Mobilna,3385003
2025-01-01,2025,1,Użytkownik (Człowiek),Przeglądarka Mobilna,167863819
2025-01-01,2025,1,Bot Wyszukiwarki,Przeglądarka Mobilna,20013929
2025-01-01,2025,1,Skrypt Automatyczny,Przeglądarka Mobilna,4175721
2025-02-01,2025,2,Użytkownik (Człowiek),Przeglądarka Mobilna,139332014
2025-02-01,2025,2,Bot Wyszukiwarki,Przeglądarka Mobilna,15962251
2025-02-01,2025,2,Skrypt Automatyczny,Przeglądarka Mobilna,3849673
2025-03-01,2025,3,Użytkownik (Człowiek),Przeglądarka Mobilna,147071731
2025-03-01,2025,3,Bot Wyszukiwarki,Przeglądarka Mobilna,16970032
2025-03-01,2025,3,Skrypt Automatyczny,Przeglądarka Mobilna,3583866
2025-04-01,2025,4,Użytkownik (Człowiek),Przeglądarka Mobilna,133719360
2025-04-01,2025,4,Bot Wyszukiwarki,Przeglądarka Mobilna,18384537
2025-04-01,2025,4,Skrypt Automatyczny,Przeglądarka Mobilna,4439747
2025-05-01,2025,5,Użytkownik (Człowiek),Przeglądarka Mobilna,131194346
2025-05-01,2025,5,Bot Wyszukiwarki,Przeglądarka Mobilna,18719736
2025-05-01,2025,5,Skrypt Automatyczny,Przeglądarka Mobilna,10063176
2025-06-01,2025,6,Użytkownik (Człowiek),Przeglądarka Mobilna,114995421
2025-06-01,2025,6,Bot Wyszukiwarki,Przeglądarka Mobilna,19786100
2025-06-01,2025,6,Skrypt Automatyczny,Przeglądarka Mobilna,6238643
2025-07-01,2025,7,Użytkownik (Człowiek),Przeglądarka Mobilna,126642531
2025-07-01,2025,7,Bot Wyszukiwarki,Przeglądarka Mobilna,20586136
2025-07-01,2025,7,Skrypt Automatyczny,Przeglądarka Mobilna,6070900
2025-08-01,2025,8,Użytkownik (Człowiek),Przeglądarka Mobilna,138176949
2025-08-01,2025,8,Bot Wyszukiwarki,Przeglądarka Mobilna,22053125
2025-08-01,2025,8,Skrypt Automatyczny,Przeglądarka Mobilna,4352308
2025-09-01,2025,9,Użytkownik (Człowiek),Przeglądarka Mobilna,129821058
2025-09-01,2025,9,Bot Wyszukiwarki,Przeglądarka Mobilna,18887785
2025-09-01,2025,9,Skrypt Automatyczny,Przeglądarka Mobilna,5070406
2025-10-01,2025,10,Użytkownik (Człowiek),Przeglądarka Mobilna,132430908
2025-10-01,2025,10,Bot Wyszukiwarki,Przeglądarka Mobilna,23719326
2025-10-01,2025,10,Skrypt Automatyczny,Przeglądarka Mobilna,3954938
2025-11-01,2025,11,Użytkownik (Człowiek),Przeglądarka Mobilna,136452924
2025-11-01,2025,11,Bot Wyszukiwarki,Przeglądarka Mobilna,22411325
2025-11-01,2025,11,Skrypt Automatyczny,Przeglądarka Mobilna,3664853
2025-12-01,2025,12,Użytkownik (Człowiek),Przeglądarka Mobilna,126468114
2025-12-01,2025,12,Bot Wyszukiwarki,Przeglądarka Mobilna,22236929
2025-12-01,2025,12,Skrypt Automatyczny,Przeglądarka Mobilna,5486260
2026-01-01,2026,1,Użytkownik (Człowiek),Przeglądarka Mobilna,133998551
2026-01-01,2026,1,Bot Wyszukiwarki,Przeglądarka Mobilna,22451134
2026-01-01,2026,1,Skrypt Automatyczny,Przeglądarka Mobilna,5027585
2026-02-01,2026,2,Użytkownik (Człowiek),Przeglądarka Mobilna,120497555
2026-02-01,2026,2,Bot Wyszukiwarki,Przeglądarka Mobilna,19862589
2026-02-01,2026,2,Skrypt Automatyczny,Przeglądarka Mobilna,3410227
2026-03-01,2026,3,Użytkownik (Człowiek),Przeglądarka Mobilna,116336909
2026-03-01,2026,3,Bot Wyszukiwarki,Przeglądarka Mobilna,16224861
2026-03-01,2026,3,Skrypt Automatyczny,Przeglądarka Mobilna,3449216
2026-04-01,2026,4,Użytkownik (Człowiek),Przeglądarka Mobilna,113582116
2026-04-01,2026,4,Bot Wyszukiwarki,Przeglądarka Mobilna,10381688
2026-04-01,2026,4,Skrypt Automatyczny,Przeglądarka Mobilna,3733719
2026-05-01,2026,5,Użytkownik (Człowiek),Przeglądarka Mobilna,113706192
2026-05-01,2026,5,Bot Wyszukiwarki,Przeglądarka Mobilna,13715605
2026-05-01,2026,5,Skrypt Automatyczny,Przeglądarka Mobilna,2958131
2026-06-01,2026,6,Użytkownik (Człowiek),Przeglądarka Mobilna,112115791
2026-06-01,2026,6,Bot Wyszukiwarki,Przeglądarka Mobilna,15878879
2026-06-01,2026,6,Skrypt Automatyczny,Przeglądarka Mobilna,4051099
