Data,Rok,Miesiąc,Liczba Nowych Artykułów
2001-09-01,2001,9,1
2001-10-01,2001,10,71
2001-11-01,2001,11,233
2001-12-01,2001,12,87
2002-01-01,2002,1,252
2002-02-01,2002,2,261
2002-03-01,2002,3,378
2002-04-01,2002,4,370
2002-05-01,2002,5,792
2002-06-01,2002,6,381
2002-07-01,2002,7,656
2002-08-01,2002,8,546
2002-09-01,2002,9,1124
2002-10-01,2002,10,627
2002-11-01,2002,11,285
2002-12-01,2002,12,497
2003-01-01,2003,1,677
2003-02-01,2003,2,1127
2003-03-01,2003,3,1485
2003-04-01,2003,4,941
2003-05-01,2003,5,749
2003-06-01,2003,6,670
2003-07-01,2003,7,590
2003-08-01,2003,8,491
2003-09-01,2003,9,629
2003-10-01,2003,10,657
2003-11-01,2003,11,1130
2003-12-01,2003,12,1275
2004-01-01,2004,1,3259
2004-02-01,2004,2,1986
2004-03-01,2004,3,2407
2004-04-01,2004,4,1914
2004-05-01,2004,5,2042
2004-06-01,2004,6,1825
2004-07-01,2004,7,1881
2004-08-01,2004,8,2017
2004-09-01,2004,9,2729
2004-10-01,2004,10,3043
2004-11-01,2004,11,3492
2004-12-01,2004,12,3318
2005-01-01,2005,1,4121
2005-02-01,2005,2,3115
2005-03-01,2005,3,3677
2005-04-01,2005,4,4130
2005-05-01,2005,5,4128
2005-06-01,2005,6,4735
2005-07-01,2005,7,3975
2005-08-01,2005,8,5825
2005-09-01,2005,9,38436
2005-10-01,2005,10,17887
2005-11-01,2005,11,4204
2005-12-01,2005,12,10496
2006-01-01,2006,1,53798
2006-02-01,2006,2,6043
2006-03-01,2006,3,6801
2006-04-01,2006,4,7007
2006-05-01,2006,5,6872
2006-06-01,2006,6,7748
2006-07-01,2006,7,12149
2006-08-01,2006,8,26842
2006-09-01,2006,9,12701
2006-10-01,2006,10,8554
2006-11-01,2006,11,9031
2006-12-01,2006,12,10022
2007-01-01,2007,1,11397
2007-02-01,2007,2,10599
2007-03-01,2007,3,9077
2007-04-01,2007,4,9119
2007-05-01,2007,5,10754
2007-06-01,2007,6,11612
2007-07-01,2007,7,11681
2007-08-01,2007,8,10612
2007-09-01,2007,9,8484
2007-10-01,2007,10,7755
2007-11-01,2007,11,8284
2007-12-01,2007,12,8831
2008-01-01,2008,1,9301
2008-02-01,2008,2,9481
2008-03-01,2008,3,9542
2008-04-01,2008,4,9414
2008-05-01,2008,5,10182
2008-06-01,2008,6,9482
2008-07-01,2008,7,8346
2008-08-01,2008,8,8400
2008-09-01,2008,9,8149
2008-10-01,2008,10,8116
2008-11-01,2008,11,9022
2008-12-01,2008,12,7768
2009-01-01,2009,1,9609
2009-02-01,2009,2,8953
2009-03-01,2009,3,8387
2009-04-01,2009,4,7974
2009-05-01,2009,5,8152
2009-06-01,2009,6,7910
2009-07-01,2009,7,7725
2009-08-01,2009,8,7442
2009-09-01,2009,9,7847
2009-10-01,2009,10,7911
2009-11-01,2009,11,8330
2009-12-01,2009,12,9121
2010-01-01,2010,1,8237
2010-02-01,2010,2,7836
2010-03-01,2010,3,7758
2010-04-01,2010,4,7533
2010-05-01,2010,5,7556
2010-06-01,2010,6,7184
2010-07-01,2010,7,7243
2010-08-01,2010,8,6969
2010-09-01,2010,9,6410
2010-10-01,2010,10,11455
2010-11-01,2010,11,10427
2010-12-01,2010,12,9732
2011-01-01,2011,1,8662
2011-02-01,2011,2,8202
2011-03-01,2011,3,11907
2011-04-01,2011,4,7055
2011-05-01,2011,5,8291
2011-06-01,2011,6,6644
2011-07-01,2011,7,7309
2011-08-01,2011,8,6991
2011-09-01,2011,9,7348
2011-10-01,2011,10,6832
2011-11-01,2011,11,6981
2011-12-01,2011,12,14194
2012-01-01,2012,1,12756
2012-02-01,2012,2,6053
2012-03-01,2012,3,5521
2012-04-01,2012,4,5466
2012-05-01,2012,5,5522
2012-06-01,2012,6,6597
2012-07-01,2012,7,7043
2012-08-01,2012,8,6746
2012-09-01,2012,9,5267
2012-10-01,2012,10,5209
2012-11-01,2012,11,4722
2012-12-01,2012,12,6153
2013-01-01,2013,1,6261
2013-02-01,2013,2,6338
2013-03-01,2013,3,6085
2013-04-01,2013,4,4847
2013-05-01,2013,5,5505
2013-06-01,2013,6,6239
2013-07-01,2013,7,8699
2013-08-01,2013,8,9480
2013-09-01,2013,9,6932
2013-10-01,2013,10,5418
2013-11-01,2013,11,5854
2013-12-01,2013,12,6425
2014-01-01,2014,1,7583
2014-02-01,2014,2,6920
2014-03-01,2014,3,5915
2014-04-01,2014,4,5445
2014-05-01,2014,5,4716
2014-06-01,2014,6,4116
2014-07-01,2014,7,4905
2014-08-01,2014,8,4933
2014-09-01,2014,9,5357
2014-10-01,2014,10,6166
2014-11-01,2014,11,5414
2014-12-01,2014,12,5448
2015-01-01,2015,1,7026
2015-02-01,2015,2,6155
2015-03-01,2015,3,6901
2015-04-01,2015,4,6161
2015-05-01,2015,5,5461
2015-06-01,2015,6,5415
2015-07-01,2015,7,6284
2015-08-01,2015,8,5321
2015-09-01,2015,9,4733
2015-10-01,2015,10,5489
2015-11-01,2015,11,4886
2015-12-01,2015,12,4801
2016-01-01,2016,1,5115
2016-02-01,2016,2,4709
2016-03-01,2016,3,4242
2016-04-01,2016,4,4188
2016-05-01,2016,5,5589
2016-06-01,2016,6,4091
2016-07-01,2016,7,3959
2016-08-01,2016,8,3964
2016-09-01,2016,9,3932
2016-10-01,2016,10,4106
2016-11-01,2016,11,4160
2016-12-01,2016,12,4225
2017-01-01,2017,1,4754
2017-02-01,2017,2,4995
2017-03-01,2017,3,5695
2017-04-01,2017,4,4358
2017-05-01,2017,5,5553
2017-06-01,2017,6,4140
2017-07-01,2017,7,4538
2017-08-01,2017,8,4443
2017-09-01,2017,9,4323
2017-10-01,2017,10,5150
2017-11-01,2017,11,4525
2017-12-01,2017,12,5934
2018-01-01,2018,1,5262
2018-02-01,2018,2,4587
2018-03-01,2018,3,4751
2018-04-01,2018,4,5042
2018-05-01,2018,5,5335
2018-06-01,2018,6,4904
2018-07-01,2018,7,4520
2018-08-01,2018,8,4799
2018-09-01,2018,9,4628
2018-10-01,2018,10,3966
2018-11-01,2018,11,3947
2018-12-01,2018,12,5080
2019-01-01,2019,1,5657
2019-02-01,2019,2,4441
2019-03-01,2019,3,8092
2019-04-01,2019,4,6484
2019-05-01,2019,5,4579
2019-06-01,2019,6,4044
2019-07-01,2019,7,4487
2019-08-01,2019,8,7267
2019-09-01,2019,9,7905
2019-10-01,2019,10,3268
2019-11-01,2019,11,3978
2019-12-01,2019,12,5785
2020-01-01,2020,1,5437
2020-02-01,2020,2,4642
2020-03-01,2020,3,11872
2020-04-01,2020,4,9187
2020-05-01,2020,5,4969
2020-06-01,2020,6,5733
2020-07-01,2020,7,3839
2020-08-01,2020,8,3808
2020-09-01,2020,9,3809
2020-10-01,2020,10,5736
2020-11-01,2020,11,6184
2020-12-01,2020,12,6893
2021-01-01,2021,1,6523
2021-02-01,2021,2,6889
2021-03-01,2021,3,5203
2021-04-01,2021,4,5432
2021-05-01,2021,5,6333
2021-06-01,2021,6,3376
2021-07-01,2021,7,3190
2021-08-01,2021,8,4483
2021-09-01,2021,9,3337
2021-10-01,2021,10,3801
2021-11-01,2021,11,3409
2021-12-01,2021,12,4377
2022-01-01,2022,1,5272
2022-02-01,2022,2,5210
2022-03-01,2022,3,4130
2022-04-01,2022,4,3840
2022-05-01,2022,5,3769
2022-06-01,2022,6,3299
2022-07-01,2022,7,3616
2022-08-01,2022,8,3657
2022-09-01,2022,9,3146
2022-10-01,2022,10,3706
2022-11-01,2022,11,4216
2022-12-01,2022,12,4781
2023-01-01,2023,1,3861
2023-02-01,2023,2,4786
2023-03-01,2023,3,4545
2023-04-01,2023,4,3761
2023-05-01,2023,5,3523
2023-06-01,2023,6,2901
2023-07-01,2023,7,3245
2023-08-01,2023,8,4090
2023-09-01,2023,9,4457
2023-10-01,2023,10,4257
2023-11-01,2023,11,3887
2023-12-01,2023,12,4451
2024-01-01,2024,1,5150
2024-02-01,2024,2,4797
2024-03-01,2024,3,3865
2024-04-01,2024,4,3786
2024-05-01,2024,5,4565
2024-06-01,2024,6,3309
2024-07-01,2024,7,3439
2024-08-01,2024,8,3624
2024-09-01,2024,9,2925
2024-10-01,2024,10,2836
2024-11-01,2024,11,4742
2024-12-01,2024,12,4506
2025-01-01,2025,1,5043
2025-02-01,2025,2,2996
2025-03-01,2025,3,3469
2025-04-01,2025,4,3468
2025-05-01,2025,5,3399
2025-06-01,2025,6,2909
2025-07-01,2025,7,2664
2025-08-01,2025,8,2923
2025-09-01,2025,9,3108
2025-10-01,2025,10,3151
2025-11-01,2025,11,3159
2025-12-01,2025,12,3617
2026-01-01,2026,1,3608
2026-02-01,2026,2,3609
2026-03-01,2026,3,3545
2026-04-01,2026,4,3096
2026-05-01,2026,5,3903
2026-06-01,2026,6,3099
