Data,Rok,Miesiąc,Liczba Nowych Rejestracji
2001-11-01,2001,11,1
2002-07-01,2002,7,1
2002-08-01,2002,8,1
2002-09-01,2002,9,2
2002-10-01,2002,10,1
2002-11-01,2002,11,2
2003-10-01,2003,10,1
2005-04-01,2005,4,1
2005-07-01,2005,7,1
2005-09-01,2005,9,1199
2005-10-01,2005,10,1784
2005-11-01,2005,11,2158
2005-12-01,2005,12,2966
2006-01-01,2006,1,4014
2006-02-01,2006,2,4940
2006-03-01,2006,3,6468
2006-04-01,2006,4,5123
2006-05-01,2006,5,6209
2006-06-01,2006,6,4648
2006-07-01,2006,7,3392
2006-08-01,2006,8,3570
2006-09-01,2006,9,5060
2006-10-01,2006,10,6401
2006-11-01,2006,11,6861
2006-12-01,2006,12,5712
2007-01-01,2007,1,7099
2007-02-01,2007,2,6312
2007-03-01,2007,3,5844
2007-04-01,2007,4,6411
2007-05-01,2007,5,7665
2007-06-01,2007,6,5452
2007-07-01,2007,7,4428
2007-08-01,2007,8,4407
2007-09-01,2007,9,5803
2007-10-01,2007,10,6571
2007-11-01,2007,11,6181
2007-12-01,2007,12,5520
2008-01-01,2008,1,7144
2008-02-01,2008,2,6633
2008-03-01,2008,3,6532
2008-04-01,2008,4,6401
2008-05-01,2008,5,6282
2008-06-01,2008,6,4982
2008-07-01,2008,7,3965
2008-08-01,2008,8,3597
2008-09-01,2008,9,4572
2008-10-01,2008,10,4724
2008-11-01,2008,11,5138
2008-12-01,2008,12,4333
2009-01-01,2009,1,5942
2009-02-01,2009,2,4843
2009-03-01,2009,3,5372
2009-04-01,2009,4,4387
2009-05-01,2009,5,4774
2009-06-01,2009,6,3975
2009-07-01,2009,7,3479
2009-08-01,2009,8,3548
2009-09-01,2009,9,4319
2009-10-01,2009,10,5282
2009-11-01,2009,11,5259
2009-12-01,2009,12,4361
2010-01-01,2010,1,5598
2010-02-01,2010,2,4801
2010-03-01,2010,3,4572
2010-04-01,2010,4,4673
2010-05-01,2010,5,4658
2010-06-01,2010,6,3589
2010-07-01,2010,7,2715
2010-08-01,2010,8,2692
2010-09-01,2010,9,2934
2010-10-01,2010,10,2855
2010-11-01,2010,11,2879
2010-12-01,2010,12,2575
2011-01-01,2011,1,3432
2011-02-01,2011,2,3122
2011-03-01,2011,3,2960
2011-04-01,2011,4,2340
2011-05-01,2011,5,2550
2011-06-01,2011,6,2180
2011-07-01,2011,7,2237
2011-08-01,2011,8,2042
2011-09-01,2011,9,2020
2011-10-01,2011,10,2374
2011-11-01,2011,11,2268
2011-12-01,2011,12,2175
2012-01-01,2012,1,2723
2012-02-01,2012,2,2379
2012-03-01,2012,3,2247
2012-04-01,2012,4,1933
2012-05-01,2012,5,2233
2012-06-01,2012,6,2183
2012-07-01,2012,7,2047
2012-08-01,2012,8,1960
2012-09-01,2012,9,2093
2012-10-01,2012,10,2243
2012-11-01,2012,11,2487
2012-12-01,2012,12,2017
2013-01-01,2013,1,2587
2013-02-01,2013,2,2364
2013-03-01,2013,3,2611
2013-04-01,2013,4,2375
2013-05-01,2013,5,2315
2013-06-01,2013,6,2182
2013-07-01,2013,7,1913
2013-08-01,2013,8,2119
2013-09-01,2013,9,2517
2013-10-01,2013,10,2681
2013-11-01,2013,11,2854
2013-12-01,2013,12,2549
2014-01-01,2014,1,2910
2014-02-01,2014,2,2448
2014-03-01,2014,3,2530
2014-04-01,2014,4,2411
2014-05-01,2014,5,2624
2014-06-01,2014,6,2114
2014-07-01,2014,7,2228
2014-08-01,2014,8,3649
2014-09-01,2014,9,4307
2014-10-01,2014,10,3516
2014-11-01,2014,11,3329
2014-12-01,2014,12,3063
2015-01-01,2015,1,3944
2015-02-01,2015,2,3069
2015-03-01,2015,3,3208
2015-04-01,2015,4,3897
2015-05-01,2015,5,2969
2015-06-01,2015,6,2630
2015-07-01,2015,7,2047
2015-08-01,2015,8,2021
2015-09-01,2015,9,1901
2015-10-01,2015,10,2271
2015-11-01,2015,11,2298
2015-12-01,2015,12,2484
2016-01-01,2016,1,3027
2016-02-01,2016,2,2750
2016-03-01,2016,3,2873
2016-04-01,2016,4,2352
2016-05-01,2016,5,2291
2016-06-01,2016,6,1820
2016-07-01,2016,7,1619
2016-08-01,2016,8,1661
2016-09-01,2016,9,1750
2016-10-01,2016,10,2124
2016-11-01,2016,11,2350
2016-12-01,2016,12,2248
2017-01-01,2017,1,2668
2017-02-01,2017,2,2562
2017-03-01,2017,3,2881
2017-04-01,2017,4,2599
2017-05-01,2017,5,3059
2017-06-01,2017,6,2106
2017-07-01,2017,7,1888
2017-08-01,2017,8,1784
2017-09-01,2017,9,1834
2017-10-01,2017,10,2286
2017-11-01,2017,11,2596
2017-12-01,2017,12,2224
2018-01-01,2018,1,2843
2018-02-01,2018,2,2326
2018-03-01,2018,3,2663
2018-04-01,2018,4,2171
2018-05-01,2018,5,2373
2018-06-01,2018,6,2144
2018-07-01,2018,7,2059
2018-08-01,2018,8,1947
2018-09-01,2018,9,2113
2018-10-01,2018,10,2308
2018-11-01,2018,11,2733
2018-12-01,2018,12,2714
2019-01-01,2019,1,3269
2019-02-01,2019,2,2606
2019-03-01,2019,3,3578
2019-04-01,2019,4,2434
2019-05-01,2019,5,2940
2019-06-01,2019,6,2543
2019-07-01,2019,7,2333
2019-08-01,2019,8,2325
2019-09-01,2019,9,2414
2019-10-01,2019,10,2664
2019-11-01,2019,11,2785
2019-12-01,2019,12,2584
2020-01-01,2020,1,3314
2020-02-01,2020,2,2953
2020-03-01,2020,3,3092
2020-04-01,2020,4,3302
2020-05-01,2020,5,3604
2020-06-01,2020,6,2778
2020-07-01,2020,7,2358
2020-08-01,2020,8,2224
2020-09-01,2020,9,2069
2020-10-01,2020,10,2492
2020-11-01,2020,11,3016
2020-12-01,2020,12,2686
2021-01-01,2021,1,3379
2021-02-01,2021,2,3003
2021-03-01,2021,3,3109
2021-04-01,2021,4,2730
2021-05-01,2021,5,2568
2021-06-01,2021,6,1782
2021-07-01,2021,7,1773
2021-08-01,2021,8,1853
2021-09-01,2021,9,1876
2021-10-01,2021,10,2162
2021-11-01,2021,11,2178
2021-12-01,2021,12,2057
2022-01-01,2022,1,2649
2022-02-01,2022,2,2337
2022-03-01,2022,3,2257
2022-04-01,2022,4,2288
2022-05-01,2022,5,2076
2022-06-01,2022,6,1909
2022-07-01,2022,7,1670
2022-08-01,2022,8,1547
2022-09-01,2022,9,1733
2022-10-01,2022,10,2139
2022-11-01,2022,11,2058
2022-12-01,2022,12,1984
2023-01-01,2023,1,2328
2023-02-01,2023,2,2073
2023-03-01,2023,3,2155
2023-04-01,2023,4,1902
2023-05-01,2023,5,2006
2023-06-01,2023,6,1893
2023-07-01,2023,7,1827
2023-08-01,2023,8,1981
2023-09-01,2023,9,1728
2023-10-01,2023,10,2012
2023-11-01,2023,11,2664
2023-12-01,2023,12,1992
2024-01-01,2024,1,2465
2024-02-01,2024,2,2040
2024-03-01,2024,3,2192
2024-04-01,2024,4,2085
2024-05-01,2024,5,2314
2024-06-01,2024,6,2033
2024-07-01,2024,7,1981
2024-08-01,2024,8,2005
2024-09-01,2024,9,1723
2024-10-01,2024,10,2023
2024-11-01,2024,11,2086
2024-12-01,2024,12,1939
2025-01-01,2025,1,2369
2025-02-01,2025,2,1811
2025-03-01,2025,3,2044
2025-04-01,2025,4,1833
2025-05-01,2025,5,2000
2025-06-01,2025,6,1874
2025-07-01,2025,7,2030
2025-08-01,2025,8,1810
2025-09-01,2025,9,1787
2025-10-01,2025,10,2201
2025-11-01,2025,11,2072
2025-12-01,2025,12,2450
2026-01-01,2026,1,2544
2026-02-01,2026,2,2025
2026-03-01,2026,3,2081
2026-04-01,2026,4,1904
2026-05-01,2026,5,3328
2026-06-01,2026,6,2204
