Data,Rok,Miesiąc,Liczba Aktywnych Edytorów
2001-09-01,2001,9,1
2001-10-01,2001,10,3
2001-11-01,2001,11,7
2001-12-01,2001,12,9
2002-01-01,2002,1,11
2002-02-01,2002,2,11
2002-03-01,2002,3,12
2002-04-01,2002,4,14
2002-05-01,2002,5,9
2002-06-01,2002,6,12
2002-07-01,2002,7,15
2002-08-01,2002,8,18
2002-09-01,2002,9,22
2002-10-01,2002,10,25
2002-11-01,2002,11,32
2002-12-01,2002,12,33
2003-01-01,2003,1,33
2003-02-01,2003,2,32
2003-03-01,2003,3,44
2003-04-01,2003,4,45
2003-05-01,2003,5,55
2003-06-01,2003,6,49
2003-07-01,2003,7,52
2003-08-01,2003,8,50
2003-09-01,2003,9,53
2003-10-01,2003,10,50
2003-11-01,2003,11,64
2003-12-01,2003,12,79
2004-01-01,2004,1,91
2004-02-01,2004,2,117
2004-03-01,2004,3,133
2004-04-01,2004,4,131
2004-05-01,2004,5,153
2004-06-01,2004,6,187
2004-07-01,2004,7,175
2004-08-01,2004,8,188
2004-09-01,2004,9,265
2004-10-01,2004,10,288
2004-11-01,2004,11,312
2004-12-01,2004,12,311
2005-01-01,2005,1,428
2005-02-01,2005,2,411
2005-03-01,2005,3,403
2005-04-01,2005,4,525
2005-05-01,2005,5,559
2005-06-01,2005,6,698
2005-07-01,2005,7,635
2005-08-01,2005,8,714
2005-09-01,2005,9,697
2005-10-01,2005,10,705
2005-11-01,2005,11,685
2005-12-01,2005,12,892
2006-01-01,2006,1,1161
2006-02-01,2006,2,1208
2006-03-01,2006,3,1363
2006-04-01,2006,4,1286
2006-05-01,2006,5,1493
2006-06-01,2006,6,1490
2006-07-01,2006,7,1522
2006-08-01,2006,8,1603
2006-09-01,2006,9,1635
2006-10-01,2006,10,1612
2006-11-01,2006,11,1763
2006-12-01,2006,12,1956
2007-01-01,2007,1,2251
2007-02-01,2007,2,2154
2007-03-01,2007,3,2046
2007-04-01,2007,4,2120
2007-05-01,2007,5,2416
2007-06-01,2007,6,2304
2007-07-01,2007,7,2220
2007-08-01,2007,8,2246
2007-09-01,2007,9,2177
2007-10-01,2007,10,2068
2007-11-01,2007,11,2111
2007-12-01,2007,12,2113
2008-01-01,2008,1,2264
2008-02-01,2008,2,2285
2008-03-01,2008,3,2305
2008-04-01,2008,4,2215
2008-05-01,2008,5,2373
2008-06-01,2008,6,2390
2008-07-01,2008,7,2275
2008-08-01,2008,8,2296
2008-09-01,2008,9,2133
2008-10-01,2008,10,2075
2008-11-01,2008,11,2209
2008-12-01,2008,12,2180
2009-01-01,2009,1,2566
2009-02-01,2009,2,2289
2009-03-01,2009,3,2272
2009-04-01,2009,4,2123
2009-05-01,2009,5,2194
2009-06-01,2009,6,2209
2009-07-01,2009,7,2208
2009-08-01,2009,8,2221
2009-09-01,2009,9,2123
2009-10-01,2009,10,2062
2009-11-01,2009,11,2118
2009-12-01,2009,12,2058
2010-01-01,2010,1,2243
2010-02-01,2010,2,2072
2010-03-01,2010,3,2108
2010-04-01,2010,4,2135
2010-05-01,2010,5,2042
2010-06-01,2010,6,1960
2010-07-01,2010,7,1875
2010-08-01,2010,8,1926
2010-09-01,2010,9,1792
2010-10-01,2010,10,1792
2010-11-01,2010,11,1792
2010-12-01,2010,12,1841
2011-01-01,2011,1,2061
2011-02-01,2011,2,1987
2011-03-01,2011,3,1871
2011-04-01,2011,4,1803
2011-05-01,2011,5,1806
2011-06-01,2011,6,1817
2011-07-01,2011,7,1865
2011-08-01,2011,8,1805
2011-09-01,2011,9,1661
2011-10-01,2011,10,1773
2011-11-01,2011,11,1702
2011-12-01,2011,12,1803
2012-01-01,2012,1,1979
2012-02-01,2012,2,1806
2012-03-01,2012,3,1771
2012-04-01,2012,4,1723
2012-05-01,2012,5,1872
2012-06-01,2012,6,1813
2012-07-01,2012,7,1849
2012-08-01,2012,8,1819
2012-09-01,2012,9,1703
2012-10-01,2012,10,1672
2012-11-01,2012,11,1717
2012-12-01,2012,12,1689
2013-01-01,2013,1,1869
2013-02-01,2013,2,1763
2013-03-01,2013,3,1819
2013-04-01,2013,4,1676
2013-05-01,2013,5,1709
2013-06-01,2013,6,1646
2013-07-01,2013,7,1539
2013-08-01,2013,8,1569
2013-09-01,2013,9,1566
2013-10-01,2013,10,1477
2013-11-01,2013,11,1522
2013-12-01,2013,12,1556
2014-01-01,2014,1,1670
2014-02-01,2014,2,1557
2014-03-01,2014,3,1506
2014-04-01,2014,4,1432
2014-05-01,2014,5,1493
2014-06-01,2014,6,1405
2014-07-01,2014,7,1411
2014-08-01,2014,8,1431
2014-09-01,2014,9,1380
2014-10-01,2014,10,1353
2014-11-01,2014,11,1389
2014-12-01,2014,12,1427
2015-01-01,2015,1,1590
2015-02-01,2015,2,1473
2015-03-01,2015,3,1444
2015-04-01,2015,4,1455
2015-05-01,2015,5,1381
2015-06-01,2015,6,1397
2015-07-01,2015,7,1438
2015-08-01,2015,8,1437
2015-09-01,2015,9,1294
2015-10-01,2015,10,1375
2015-11-01,2015,11,1448
2015-12-01,2015,12,1434
2016-01-01,2016,1,1621
2016-02-01,2016,2,1465
2016-03-01,2016,3,1432
2016-04-01,2016,4,1330
2016-05-01,2016,5,1444
2016-06-01,2016,6,1372
2016-07-01,2016,7,1406
2016-08-01,2016,8,1407
2016-09-01,2016,9,1349
2016-10-01,2016,10,1332
2016-11-01,2016,11,1356
2016-12-01,2016,12,1383
2017-01-01,2017,1,1567
2017-02-01,2017,2,1496
2017-03-01,2017,3,1538
2017-04-01,2017,4,1465
2017-05-01,2017,5,1471
2017-06-01,2017,6,1416
2017-07-01,2017,7,1396
2017-08-01,2017,8,1405
2017-09-01,2017,9,1328
2017-10-01,2017,10,1397
2017-11-01,2017,11,1420
2017-12-01,2017,12,1461
2018-01-01,2018,1,1643
2018-02-01,2018,2,1469
2018-03-01,2018,3,1499
2018-04-01,2018,4,1418
2018-05-01,2018,5,1473
2018-06-01,2018,6,1382
2018-07-01,2018,7,1400
2018-08-01,2018,8,1422
2018-09-01,2018,9,1346
2018-10-01,2018,10,1407
2018-11-01,2018,11,1514
2018-12-01,2018,12,1499
2019-01-01,2019,1,1715
2019-02-01,2019,2,1517
2019-03-01,2019,3,1567
2019-04-01,2019,4,1425
2019-05-01,2019,5,1456
2019-06-01,2019,6,1378
2019-07-01,2019,7,1390
2019-08-01,2019,8,1354
2019-09-01,2019,9,1350
2019-10-01,2019,10,1433
2019-11-01,2019,11,1493
2019-12-01,2019,12,1416
2020-01-01,2020,1,1653
2020-02-01,2020,2,1535
2020-03-01,2020,3,1663
2020-04-01,2020,4,1611
2020-05-01,2020,5,1715
2020-06-01,2020,6,1521
2020-07-01,2020,7,1417
2020-08-01,2020,8,1430
2020-09-01,2020,9,1384
2020-10-01,2020,10,1446
2020-11-01,2020,11,1600
2020-12-01,2020,12,1615
2021-01-01,2021,1,1867
2021-02-01,2021,2,1698
2021-03-01,2021,3,1619
2021-04-01,2021,4,1538
2021-05-01,2021,5,1618
2021-06-01,2021,6,1432
2021-07-01,2021,7,1427
2021-08-01,2021,8,1435
2021-09-01,2021,9,1365
2021-10-01,2021,10,1526
2021-11-01,2021,11,1461
2021-12-01,2021,12,1425
2022-01-01,2022,1,1660
2022-02-01,2022,2,1545
2022-03-01,2022,3,1412
2022-04-01,2022,4,1443
2022-05-01,2022,5,1494
2022-06-01,2022,6,1465
2022-07-01,2022,7,1416
2022-08-01,2022,8,1474
2022-09-01,2022,9,1386
2022-10-01,2022,10,1452
2022-11-01,2022,11,1402
2022-12-01,2022,12,1456
2023-01-01,2023,1,1667
2023-02-01,2023,2,1515
2023-03-01,2023,3,1501
2023-04-01,2023,4,1429
2023-05-01,2023,5,1457
2023-06-01,2023,6,1463
2023-07-01,2023,7,1444
2023-08-01,2023,8,1526
2023-09-01,2023,9,1456
2023-10-01,2023,10,1439
2023-11-01,2023,11,1490
2023-12-01,2023,12,1492
2024-01-01,2024,1,1742
2024-02-01,2024,2,1567
2024-03-01,2024,3,1535
2024-04-01,2024,4,1437
2024-05-01,2024,5,1503
2024-06-01,2024,6,1471
2024-07-01,2024,7,1475
2024-08-01,2024,8,1434
2024-09-01,2024,9,1402
2024-10-01,2024,10,1395
2024-11-01,2024,11,1452
2024-12-01,2024,12,1508
2025-01-01,2025,1,1704
2025-02-01,2025,2,1424
2025-03-01,2025,3,1481
2025-04-01,2025,4,1364
2025-05-01,2025,5,1456
2025-06-01,2025,6,1494
2025-07-01,2025,7,1458
2025-08-01,2025,8,1383
2025-09-01,2025,9,1366
2025-10-01,2025,10,1465
2025-11-01,2025,11,1391
2025-12-01,2025,12,1398
2026-01-01,2026,1,1582
2026-02-01,2026,2,1404
2026-03-01,2026,3,1440
2026-04-01,2026,4,1323
2026-05-01,2026,5,1431
2026-06-01,2026,6,1363
