Data,Rok,Miesiąc,Typ Edytora,Edycje Artykułów,Edycje Pozaartykułowe
2001-09-01,2001,9,Anonimowy,1,5
2001-09-01,2001,9,Zarejestrowany użytkownik,0,6
2001-09-01,2001,9,Bot (Oficjalny),0,0
2001-09-01,2001,9,Bot (Wg nazwy),0,0
2001-10-01,2001,10,Anonimowy,64,20
2001-10-01,2001,10,Zarejestrowany użytkownik,36,3
2001-10-01,2001,10,Bot (Oficjalny),0,0
2001-10-01,2001,10,Bot (Wg nazwy),0,0
2001-11-01,2001,11,Anonimowy,62,13
2001-11-01,2001,11,Zarejestrowany użytkownik,318,35
2001-11-01,2001,11,Bot (Oficjalny),0,0
2001-11-01,2001,11,Bot (Wg nazwy),0,0
2001-12-01,2001,12,Anonimowy,32,2
2001-12-01,2001,12,Zarejestrowany użytkownik,178,13
2001-12-01,2001,12,Bot (Oficjalny),0,0
2001-12-01,2001,12,Bot (Wg nazwy),0,0
2002-01-01,2002,1,Anonimowy,192,23
2002-01-01,2002,1,Zarejestrowany użytkownik,342,33
2002-01-01,2002,1,Bot (Oficjalny),0,0
2002-01-01,2002,1,Bot (Wg nazwy),0,0
2002-02-01,2002,2,Anonimowy,81,5
2002-02-01,2002,2,Zarejestrowany użytkownik,482,22
2002-02-01,2002,2,Bot (Oficjalny),0,0
2002-02-01,2002,2,Bot (Wg nazwy),0,0
2002-03-01,2002,3,Anonimowy,134,4
2002-03-01,2002,3,Zarejestrowany użytkownik,654,26
2002-03-01,2002,3,Bot (Oficjalny),0,0
2002-03-01,2002,3,Bot (Wg nazwy),0,0
2002-04-01,2002,4,Anonimowy,166,1
2002-04-01,2002,4,Zarejestrowany użytkownik,571,16
2002-04-01,2002,4,Bot (Oficjalny),0,0
2002-04-01,2002,4,Bot (Wg nazwy),0,0
2002-05-01,2002,5,Anonimowy,136,2
2002-05-01,2002,5,Zarejestrowany użytkownik,1004,7
2002-05-01,2002,5,Bot (Oficjalny),0,0
2002-05-01,2002,5,Bot (Wg nazwy),0,0
2002-06-01,2002,6,Anonimowy,206,17
2002-06-01,2002,6,Zarejestrowany użytkownik,675,64
2002-06-01,2002,6,Bot (Oficjalny),0,0
2002-06-01,2002,6,Bot (Wg nazwy),0,0
2002-07-01,2002,7,Anonimowy,323,23
2002-07-01,2002,7,Zarejestrowany użytkownik,1565,107
2002-07-01,2002,7,Bot (Oficjalny),0,0
2002-07-01,2002,7,Bot (Wg nazwy),0,0
2002-08-01,2002,8,Anonimowy,339,12
2002-08-01,2002,8,Zarejestrowany użytkownik,1255,90
2002-08-01,2002,8,Bot (Oficjalny),0,0
2002-08-01,2002,8,Bot (Wg nazwy),0,0
2002-09-01,2002,9,Anonimowy,896,25
2002-09-01,2002,9,Zarejestrowany użytkownik,2382,103
2002-09-01,2002,9,Bot (Oficjalny),0,0
2002-09-01,2002,9,Bot (Wg nazwy),0,0
2002-10-01,2002,10,Anonimowy,732,43
2002-10-01,2002,10,Zarejestrowany użytkownik,1822,123
2002-10-01,2002,10,Bot (Oficjalny),0,0
2002-10-01,2002,10,Bot (Wg nazwy),0,0
2002-11-01,2002,11,Anonimowy,7548,391
2002-11-01,2002,11,Zarejestrowany użytkownik,1651,557
2002-11-01,2002,11,Bot (Oficjalny),0,0
2002-11-01,2002,11,Bot (Wg nazwy),0,0
2002-12-01,2002,12,Anonimowy,634,22
2002-12-01,2002,12,Zarejestrowany użytkownik,3116,458
2002-12-01,2002,12,Bot (Oficjalny),0,0
2002-12-01,2002,12,Bot (Wg nazwy),0,0
2003-01-01,2003,1,Anonimowy,585,25
2003-01-01,2003,1,Zarejestrowany użytkownik,3933,547
2003-01-01,2003,1,Bot (Oficjalny),0,0
2003-01-01,2003,1,Bot (Wg nazwy),0,0
2003-02-01,2003,2,Anonimowy,939,23
2003-02-01,2003,2,Zarejestrowany użytkownik,4671,598
2003-02-01,2003,2,Bot (Oficjalny),0,0
2003-02-01,2003,2,Bot (Wg nazwy),0,0
2003-03-01,2003,3,Anonimowy,2215,18
2003-03-01,2003,3,Zarejestrowany użytkownik,6681,800
2003-03-01,2003,3,Bot (Oficjalny),0,0
2003-03-01,2003,3,Bot (Wg nazwy),0,0
2003-04-01,2003,4,Anonimowy,624,34
2003-04-01,2003,4,Zarejestrowany użytkownik,5868,574
2003-04-01,2003,4,Bot (Oficjalny),0,0
2003-04-01,2003,4,Bot (Wg nazwy),0,0
2003-05-01,2003,5,Anonimowy,780,49
2003-05-01,2003,5,Zarejestrowany użytkownik,4295,691
2003-05-01,2003,5,Bot (Oficjalny),0,0
2003-05-01,2003,5,Bot (Wg nazwy),0,0
2003-06-01,2003,6,Anonimowy,725,25
2003-06-01,2003,6,Zarejestrowany użytkownik,4218,679
2003-06-01,2003,6,Bot (Oficjalny),0,0
2003-06-01,2003,6,Bot (Wg nazwy),0,0
2003-07-01,2003,7,Anonimowy,646,50
2003-07-01,2003,7,Zarejestrowany użytkownik,4550,1041
2003-07-01,2003,7,Bot (Oficjalny),0,0
2003-07-01,2003,7,Bot (Wg nazwy),40,0
2003-08-01,2003,8,Anonimowy,923,30
2003-08-01,2003,8,Zarejestrowany użytkownik,3063,471
2003-08-01,2003,8,Bot (Oficjalny),0,0
2003-08-01,2003,8,Bot (Wg nazwy),0,0
2003-09-01,2003,9,Anonimowy,927,50
2003-09-01,2003,9,Zarejestrowany użytkownik,3834,551
2003-09-01,2003,9,Bot (Oficjalny),0,0
2003-09-01,2003,9,Bot (Wg nazwy),0,0
2003-10-01,2003,10,Anonimowy,2658,42
2003-10-01,2003,10,Zarejestrowany użytkownik,3653,579
2003-10-01,2003,10,Bot (Oficjalny),0,0
2003-10-01,2003,10,Bot (Wg nazwy),0,0
2003-11-01,2003,11,Anonimowy,1687,114
2003-11-01,2003,11,Zarejestrowany użytkownik,7049,1293
2003-11-01,2003,11,Bot (Oficjalny),0,0
2003-11-01,2003,11,Bot (Wg nazwy),0,0
2003-12-01,2003,12,Anonimowy,1257,111
2003-12-01,2003,12,Zarejestrowany użytkownik,8907,1708
2003-12-01,2003,12,Bot (Oficjalny),0,10
2003-12-01,2003,12,Bot (Wg nazwy),893,8
2004-01-01,2004,1,Anonimowy,1523,69
2004-01-01,2004,1,Zarejestrowany użytkownik,10212,1550
2004-01-01,2004,1,Bot (Oficjalny),0,3
2004-01-01,2004,1,Bot (Wg nazwy),3465,3
2004-02-01,2004,2,Anonimowy,1814,118
2004-02-01,2004,2,Zarejestrowany użytkownik,10878,1673
2004-02-01,2004,2,Bot (Oficjalny),0,0
2004-02-01,2004,2,Bot (Wg nazwy),7201,17
2004-03-01,2004,3,Anonimowy,3749,164
2004-03-01,2004,3,Zarejestrowany użytkownik,13385,2487
2004-03-01,2004,3,Bot (Oficjalny),0,0
2004-03-01,2004,3,Bot (Wg nazwy),8395,9
2004-04-01,2004,4,Anonimowy,2973,160
2004-04-01,2004,4,Zarejestrowany użytkownik,12044,2594
2004-04-01,2004,4,Bot (Oficjalny),0,0
2004-04-01,2004,4,Bot (Wg nazwy),6380,8
2004-05-01,2004,5,Anonimowy,2765,206
2004-05-01,2004,5,Zarejestrowany użytkownik,12737,3190
2004-05-01,2004,5,Bot (Oficjalny),0,25
2004-05-01,2004,5,Bot (Wg nazwy),1196,1
2004-06-01,2004,6,Anonimowy,7746,425
2004-06-01,2004,6,Zarejestrowany użytkownik,17603,4891
2004-06-01,2004,6,Bot (Oficjalny),0,20
2004-06-01,2004,6,Bot (Wg nazwy),13483,258
2004-07-01,2004,7,Anonimowy,3158,259
2004-07-01,2004,7,Zarejestrowany użytkownik,18874,4466
2004-07-01,2004,7,Bot (Oficjalny),0,0
2004-07-01,2004,7,Bot (Wg nazwy),1872,1
2004-08-01,2004,8,Anonimowy,3403,292
2004-08-01,2004,8,Zarejestrowany użytkownik,17446,3328
2004-08-01,2004,8,Bot (Oficjalny),0,0
2004-08-01,2004,8,Bot (Wg nazwy),630,1
2004-09-01,2004,9,Anonimowy,6475,850
2004-09-01,2004,9,Zarejestrowany użytkownik,23236,6644
2004-09-01,2004,9,Bot (Oficjalny),0,0
2004-09-01,2004,9,Bot (Wg nazwy),7726,308
2004-10-01,2004,10,Anonimowy,6373,632
2004-10-01,2004,10,Zarejestrowany użytkownik,26626,5906
2004-10-01,2004,10,Bot (Oficjalny),0,0
2004-10-01,2004,10,Bot (Wg nazwy),193,4
2004-11-01,2004,11,Anonimowy,7468,679
2004-11-01,2004,11,Zarejestrowany użytkownik,32799,6617
2004-11-01,2004,11,Bot (Oficjalny),0,0
2004-11-01,2004,11,Bot (Wg nazwy),537,0
2004-12-01,2004,12,Anonimowy,6849,613
2004-12-01,2004,12,Zarejestrowany użytkownik,31039,6427
2004-12-01,2004,12,Bot (Oficjalny),0,22
2004-12-01,2004,12,Bot (Wg nazwy),9550,590
2005-01-01,2005,1,Anonimowy,9872,859
2005-01-01,2005,1,Zarejestrowany użytkownik,38432,8519
2005-01-01,2005,1,Bot (Oficjalny),0,0
2005-01-01,2005,1,Bot (Wg nazwy),2041,27
2005-02-01,2005,2,Anonimowy,7745,754
2005-02-01,2005,2,Zarejestrowany użytkownik,37874,8843
2005-02-01,2005,2,Bot (Oficjalny),0,0
2005-02-01,2005,2,Bot (Wg nazwy),1915,3
2005-03-01,2005,3,Anonimowy,10366,787
2005-03-01,2005,3,Zarejestrowany użytkownik,37162,9248
2005-03-01,2005,3,Bot (Oficjalny),0,0
2005-03-01,2005,3,Bot (Wg nazwy),2756,6
2005-04-01,2005,4,Anonimowy,15149,1126
2005-04-01,2005,4,Zarejestrowany użytkownik,45778,12335
2005-04-01,2005,4,Bot (Oficjalny),0,0
2005-04-01,2005,4,Bot (Wg nazwy),8657,20
2005-05-01,2005,5,Anonimowy,15041,1095
2005-05-01,2005,5,Zarejestrowany użytkownik,55871,17310
2005-05-01,2005,5,Bot (Oficjalny),0,0
2005-05-01,2005,5,Bot (Wg nazwy),16044,333
2005-06-01,2005,6,Anonimowy,18907,1314
2005-06-01,2005,6,Zarejestrowany użytkownik,65458,19690
2005-06-01,2005,6,Bot (Oficjalny),0,38
2005-06-01,2005,6,Bot (Wg nazwy),19853,1304
2005-07-01,2005,7,Anonimowy,14288,1250
2005-07-01,2005,7,Zarejestrowany użytkownik,48536,14506
2005-07-01,2005,7,Bot (Oficjalny),0,6
2005-07-01,2005,7,Bot (Wg nazwy),9497,761
2005-08-01,2005,8,Anonimowy,16110,1149
2005-08-01,2005,8,Zarejestrowany użytkownik,48556,16605
2005-08-01,2005,8,Bot (Oficjalny),0,0
2005-08-01,2005,8,Bot (Wg nazwy),15393,649
2005-09-01,2005,9,Anonimowy,14691,1192
2005-09-01,2005,9,Zarejestrowany użytkownik,52953,18259
2005-09-01,2005,9,Bot (Oficjalny),0,3
2005-09-01,2005,9,Bot (Wg nazwy),123914,7315
2005-10-01,2005,10,Anonimowy,20360,1546
2005-10-01,2005,10,Zarejestrowany użytkownik,50930,18239
2005-10-01,2005,10,Bot (Oficjalny),0,0
2005-10-01,2005,10,Bot (Wg nazwy),30443,317
2005-11-01,2005,11,Anonimowy,19773,1426
2005-11-01,2005,11,Zarejestrowany użytkownik,49196,17294
2005-11-01,2005,11,Bot (Oficjalny),0,0
2005-11-01,2005,11,Bot (Wg nazwy),35316,1117
2005-12-01,2005,12,Anonimowy,27220,1650
2005-12-01,2005,12,Zarejestrowany użytkownik,71521,26073
2005-12-01,2005,12,Bot (Oficjalny),0,6
2005-12-01,2005,12,Bot (Wg nazwy),29454,800
2006-01-01,2006,1,Anonimowy,37116,2741
2006-01-01,2006,1,Zarejestrowany użytkownik,92271,35120
2006-01-01,2006,1,Bot (Oficjalny),0,0
2006-01-01,2006,1,Bot (Wg nazwy),88701,825
2006-02-01,2006,2,Anonimowy,32891,2698
2006-02-01,2006,2,Zarejestrowany użytkownik,88429,33164
2006-02-01,2006,2,Bot (Oficjalny),110,1
2006-02-01,2006,2,Bot (Wg nazwy),19657,558
2006-03-01,2006,3,Anonimowy,37441,2794
2006-03-01,2006,3,Zarejestrowany użytkownik,101884,38924
2006-03-01,2006,3,Bot (Oficjalny),112,1
2006-03-01,2006,3,Bot (Wg nazwy),67475,953
2006-04-01,2006,4,Anonimowy,35469,2369
2006-04-01,2006,4,Zarejestrowany użytkownik,92646,31343
2006-04-01,2006,4,Bot (Oficjalny),11,25
2006-04-01,2006,4,Bot (Wg nazwy),79014,1400
2006-05-01,2006,5,Anonimowy,39378,2755
2006-05-01,2006,5,Zarejestrowany użytkownik,102873,36681
2006-05-01,2006,5,Bot (Oficjalny),0,44
2006-05-01,2006,5,Bot (Wg nazwy),31428,496
2006-06-01,2006,6,Anonimowy,37605,2739
2006-06-01,2006,6,Zarejestrowany użytkownik,111821,39928
2006-06-01,2006,6,Bot (Oficjalny),586,30
2006-06-01,2006,6,Bot (Wg nazwy),63032,1740
2006-07-01,2006,7,Anonimowy,36601,2737
2006-07-01,2006,7,Zarejestrowany użytkownik,118204,42739
2006-07-01,2006,7,Bot (Oficjalny),347,6
2006-07-01,2006,7,Bot (Wg nazwy),50256,1732
2006-08-01,2006,8,Anonimowy,41893,3032
2006-08-01,2006,8,Zarejestrowany użytkownik,143782,48492
2006-08-01,2006,8,Bot (Oficjalny),1,0
2006-08-01,2006,8,Bot (Wg nazwy),168111,3627
2006-09-01,2006,9,Anonimowy,45264,3003
2006-09-01,2006,9,Zarejestrowany użytkownik,127681,47177
2006-09-01,2006,9,Bot (Oficjalny),22,504
2006-09-01,2006,9,Bot (Wg nazwy),59798,5865
2006-10-01,2006,10,Anonimowy,47707,3056
2006-10-01,2006,10,Zarejestrowany użytkownik,122089,38901
2006-10-01,2006,10,Bot (Oficjalny),76,1488
2006-10-01,2006,10,Bot (Wg nazwy),38748,5987
2006-11-01,2006,11,Anonimowy,55653,3469
2006-11-01,2006,11,Zarejestrowany użytkownik,132186,44885
2006-11-01,2006,11,Bot (Oficjalny),51390,12129
2006-11-01,2006,11,Bot (Wg nazwy),36852,5529
2006-12-01,2006,12,Anonimowy,55631,3278
2006-12-01,2006,12,Zarejestrowany użytkownik,144342,44556
2006-12-01,2006,12,Bot (Oficjalny),5029,543
2006-12-01,2006,12,Bot (Wg nazwy),58613,7753
2007-01-01,2007,1,Anonimowy,64637,4158
2007-01-01,2007,1,Zarejestrowany użytkownik,154624,51977
2007-01-01,2007,1,Bot (Oficjalny),37417,556
2007-01-01,2007,1,Bot (Wg nazwy),94594,4715
2007-02-01,2007,2,Anonimowy,63232,4100
2007-02-01,2007,2,Zarejestrowany użytkownik,154203,56423
2007-02-01,2007,2,Bot (Oficjalny),349,58
2007-02-01,2007,2,Bot (Wg nazwy),64425,7542
2007-03-01,2007,3,Anonimowy,67703,4104
2007-03-01,2007,3,Zarejestrowany użytkownik,156288,56337
2007-03-01,2007,3,Bot (Oficjalny),2334,1345
2007-03-01,2007,3,Bot (Wg nazwy),63659,9250
2007-04-01,2007,4,Anonimowy,62573,3772
2007-04-01,2007,4,Zarejestrowany użytkownik,159106,55466
2007-04-01,2007,4,Bot (Oficjalny),3432,306
2007-04-01,2007,4,Bot (Wg nazwy),87775,10239
2007-05-01,2007,5,Anonimowy,66518,3873
2007-05-01,2007,5,Zarejestrowany użytkownik,181305,58159
2007-05-01,2007,5,Bot (Oficjalny),3169,205
2007-05-01,2007,5,Bot (Wg nazwy),60894,5666
2007-06-01,2007,6,Anonimowy,59402,3859
2007-06-01,2007,6,Zarejestrowany użytkownik,185471,62931
2007-06-01,2007,6,Bot (Oficjalny),801,483
2007-06-01,2007,6,Bot (Wg nazwy),43150,2676
2007-07-01,2007,7,Anonimowy,64844,3673
2007-07-01,2007,7,Zarejestrowany użytkownik,174944,55763
2007-07-01,2007,7,Bot (Oficjalny),9272,819
2007-07-01,2007,7,Bot (Wg nazwy),42320,2011
2007-08-01,2007,8,Anonimowy,58855,3326
2007-08-01,2007,8,Zarejestrowany użytkownik,171031,55943
2007-08-01,2007,8,Bot (Oficjalny),2631,11485
2007-08-01,2007,8,Bot (Wg nazwy),45966,7535
2007-09-01,2007,9,Anonimowy,61142,3200
2007-09-01,2007,9,Zarejestrowany użytkownik,158963,53099
2007-09-01,2007,9,Bot (Oficjalny),4431,1194
2007-09-01,2007,9,Bot (Wg nazwy),63913,5962
2007-10-01,2007,10,Anonimowy,61704,3600
2007-10-01,2007,10,Zarejestrowany użytkownik,148344,44726
2007-10-01,2007,10,Bot (Oficjalny),3555,498
2007-10-01,2007,10,Bot (Wg nazwy),70183,4113
2007-11-01,2007,11,Anonimowy,62693,3130
2007-11-01,2007,11,Zarejestrowany użytkownik,146706,44558
2007-11-01,2007,11,Bot (Oficjalny),5275,250
2007-11-01,2007,11,Bot (Wg nazwy),47365,7031
2007-12-01,2007,12,Anonimowy,57179,3191
2007-12-01,2007,12,Zarejestrowany użytkownik,143199,46117
2007-12-01,2007,12,Bot (Oficjalny),16944,3384
2007-12-01,2007,12,Bot (Wg nazwy),50483,7976
2008-01-01,2008,1,Anonimowy,51910,3621
2008-01-01,2008,1,Zarejestrowany użytkownik,153171,48954
2008-01-01,2008,1,Bot (Oficjalny),15421,202
2008-01-01,2008,1,Bot (Wg nazwy),45204,2885
2008-02-01,2008,2,Anonimowy,51196,3669
2008-02-01,2008,2,Zarejestrowany użytkownik,147471,50377
2008-02-01,2008,2,Bot (Oficjalny),14725,93
2008-02-01,2008,2,Bot (Wg nazwy),49970,19606
2008-03-01,2008,3,Anonimowy,54789,3931
2008-03-01,2008,3,Zarejestrowany użytkownik,162883,55131
2008-03-01,2008,3,Bot (Oficjalny),14575,154
2008-03-01,2008,3,Bot (Wg nazwy),71739,8697
2008-04-01,2008,4,Anonimowy,51419,4107
2008-04-01,2008,4,Zarejestrowany użytkownik,146893,46877
2008-04-01,2008,4,Bot (Oficjalny),14190,163
2008-04-01,2008,4,Bot (Wg nazwy),69018,9143
2008-05-01,2008,5,Anonimowy,54149,4514
2008-05-01,2008,5,Zarejestrowany użytkownik,158320,50548
2008-05-01,2008,5,Bot (Oficjalny),17997,268
2008-05-01,2008,5,Bot (Wg nazwy),81449,7724
2008-06-01,2008,6,Anonimowy,50072,4174
2008-06-01,2008,6,Zarejestrowany użytkownik,152207,47131
2008-06-01,2008,6,Bot (Oficjalny),11541,122
2008-06-01,2008,6,Bot (Wg nazwy),75621,10022
2008-07-01,2008,7,Anonimowy,47838,3453
2008-07-01,2008,7,Zarejestrowany użytkownik,149361,48656
2008-07-01,2008,7,Bot (Oficjalny),11196,102
2008-07-01,2008,7,Bot (Wg nazwy),56728,15499
2008-08-01,2008,8,Anonimowy,45983,3033
2008-08-01,2008,8,Zarejestrowany użytkownik,154101,49589
2008-08-01,2008,8,Bot (Oficjalny),7676,448
2008-08-01,2008,8,Bot (Wg nazwy),74664,8071
2008-09-01,2008,9,Anonimowy,42499,3665
2008-09-01,2008,9,Zarejestrowany użytkownik,159281,46039
2008-09-01,2008,9,Bot (Oficjalny),8242,90
2008-09-01,2008,9,Bot (Wg nazwy),60749,8858
2008-10-01,2008,10,Anonimowy,46088,3506
2008-10-01,2008,10,Zarejestrowany użytkownik,161640,46355
2008-10-01,2008,10,Bot (Oficjalny),7408,102
2008-10-01,2008,10,Bot (Wg nazwy),67823,15697
2008-11-01,2008,11,Anonimowy,43438,3534
2008-11-01,2008,11,Zarejestrowany użytkownik,153344,47805
2008-11-01,2008,11,Bot (Oficjalny),8715,266
2008-11-01,2008,11,Bot (Wg nazwy),48976,11258
2008-12-01,2008,12,Anonimowy,41158,3442
2008-12-01,2008,12,Zarejestrowany użytkownik,146324,52810
2008-12-01,2008,12,Bot (Oficjalny),15247,1714
2008-12-01,2008,12,Bot (Wg nazwy),49107,6785
2009-01-01,2009,1,Anonimowy,45327,3928
2009-01-01,2009,1,Zarejestrowany użytkownik,175586,59721
2009-01-01,2009,1,Bot (Oficjalny),14552,2918
2009-01-01,2009,1,Bot (Wg nazwy),65633,5306
2009-02-01,2009,2,Anonimowy,37947,3215
2009-02-01,2009,2,Zarejestrowany użytkownik,164506,55482
2009-02-01,2009,2,Bot (Oficjalny),19423,2585
2009-02-01,2009,2,Bot (Wg nazwy),46711,7410
2009-03-01,2009,3,Anonimowy,40982,3080
2009-03-01,2009,3,Zarejestrowany użytkownik,169598,48794
2009-03-01,2009,3,Bot (Oficjalny),25315,3553
2009-03-01,2009,3,Bot (Wg nazwy),48752,7932
2009-04-01,2009,4,Anonimowy,36195,2992
2009-04-01,2009,4,Zarejestrowany użytkownik,152316,50708
2009-04-01,2009,4,Bot (Oficjalny),10198,966
2009-04-01,2009,4,Bot (Wg nazwy),55234,8713
2009-05-01,2009,5,Anonimowy,38068,3379
2009-05-01,2009,5,Zarejestrowany użytkownik,154433,47690
2009-05-01,2009,5,Bot (Oficjalny),7515,1457
2009-05-01,2009,5,Bot (Wg nazwy),78342,11546
2009-06-01,2009,6,Anonimowy,35729,2970
2009-06-01,2009,6,Zarejestrowany użytkownik,150244,47285
2009-06-01,2009,6,Bot (Oficjalny),11857,808
2009-06-01,2009,6,Bot (Wg nazwy),62036,8835
2009-07-01,2009,7,Anonimowy,33169,2531
2009-07-01,2009,7,Zarejestrowany użytkownik,158362,51011
2009-07-01,2009,7,Bot (Oficjalny),13692,519
2009-07-01,2009,7,Bot (Wg nazwy),72808,6301
2009-08-01,2009,8,Anonimowy,34592,2787
2009-08-01,2009,8,Zarejestrowany użytkownik,159788,47656
2009-08-01,2009,8,Bot (Oficjalny),10332,833
2009-08-01,2009,8,Bot (Wg nazwy),55600,8459
2009-09-01,2009,9,Anonimowy,33666,2850
2009-09-01,2009,9,Zarejestrowany użytkownik,152858,40866
2009-09-01,2009,9,Bot (Oficjalny),10871,2050
2009-09-01,2009,9,Bot (Wg nazwy),57548,8282
2009-10-01,2009,10,Anonimowy,34505,3048
2009-10-01,2009,10,Zarejestrowany użytkownik,154606,46684
2009-10-01,2009,10,Bot (Oficjalny),18164,1731
2009-10-01,2009,10,Bot (Wg nazwy),80394,9159
2009-11-01,2009,11,Anonimowy,34846,3424
2009-11-01,2009,11,Zarejestrowany użytkownik,162225,45238
2009-11-01,2009,11,Bot (Oficjalny),18753,1643
2009-11-01,2009,11,Bot (Wg nazwy),61392,7964
2009-12-01,2009,12,Anonimowy,34822,3235
2009-12-01,2009,12,Zarejestrowany użytkownik,156032,44369
2009-12-01,2009,12,Bot (Oficjalny),43959,2085
2009-12-01,2009,12,Bot (Wg nazwy),50054,15867
2010-01-01,2010,1,Anonimowy,42874,3781
2010-01-01,2010,1,Zarejestrowany użytkownik,162710,49622
2010-01-01,2010,1,Bot (Oficjalny),26332,1085
2010-01-01,2010,1,Bot (Wg nazwy),63683,15697
2010-02-01,2010,2,Anonimowy,37347,3220
2010-02-01,2010,2,Zarejestrowany użytkownik,152061,46134
2010-02-01,2010,2,Bot (Oficjalny),11396,1149
2010-02-01,2010,2,Bot (Wg nazwy),72848,12874
2010-03-01,2010,3,Anonimowy,40274,3259
2010-03-01,2010,3,Zarejestrowany użytkownik,149571,45911
2010-03-01,2010,3,Bot (Oficjalny),58720,5280
2010-03-01,2010,3,Bot (Wg nazwy),74681,14293
2010-04-01,2010,4,Anonimowy,38145,3642
2010-04-01,2010,4,Zarejestrowany użytkownik,150722,46565
2010-04-01,2010,4,Bot (Oficjalny),39639,13331
2010-04-01,2010,4,Bot (Wg nazwy),95806,10391
2010-05-01,2010,5,Anonimowy,41503,3518
2010-05-01,2010,5,Zarejestrowany użytkownik,153433,45786
2010-05-01,2010,5,Bot (Oficjalny),23712,7817
2010-05-01,2010,5,Bot (Wg nazwy),148792,8384
2010-06-01,2010,6,Anonimowy,33791,2820
2010-06-01,2010,6,Zarejestrowany użytkownik,140191,45522
2010-06-01,2010,6,Bot (Oficjalny),24026,4733
2010-06-01,2010,6,Bot (Wg nazwy),80813,6162
2010-07-01,2010,7,Anonimowy,31817,2663
2010-07-01,2010,7,Zarejestrowany użytkownik,139570,42179
2010-07-01,2010,7,Bot (Oficjalny),21580,7698
2010-07-01,2010,7,Bot (Wg nazwy),103814,5437
2010-08-01,2010,8,Anonimowy,32029,2971
2010-08-01,2010,8,Zarejestrowany użytkownik,139779,43641
2010-08-01,2010,8,Bot (Oficjalny),23673,2308
2010-08-01,2010,8,Bot (Wg nazwy),65704,8563
2010-09-01,2010,9,Anonimowy,29831,3094
2010-09-01,2010,9,Zarejestrowany użytkownik,135894,45670
2010-09-01,2010,9,Bot (Oficjalny),77837,4681
2010-09-01,2010,9,Bot (Wg nazwy),68004,8036
2010-10-01,2010,10,Anonimowy,29456,3245
2010-10-01,2010,10,Zarejestrowany użytkownik,126369,43500
2010-10-01,2010,10,Bot (Oficjalny),29489,5203
2010-10-01,2010,10,Bot (Wg nazwy),61823,10541
2010-11-01,2010,11,Anonimowy,30444,2962
2010-11-01,2010,11,Zarejestrowany użytkownik,133046,43724
2010-11-01,2010,11,Bot (Oficjalny),23505,9414
2010-11-01,2010,11,Bot (Wg nazwy),66227,11793
2010-12-01,2010,12,Anonimowy,30922,2880
2010-12-01,2010,12,Zarejestrowany użytkownik,139435,41028
2010-12-01,2010,12,Bot (Oficjalny),65836,3317
2010-12-01,2010,12,Bot (Wg nazwy),303691,9345
2011-01-01,2011,1,Anonimowy,36099,3531
2011-01-01,2011,1,Zarejestrowany użytkownik,153212,49172
2011-01-01,2011,1,Bot (Oficjalny),54618,2621
2011-01-01,2011,1,Bot (Wg nazwy),98718,10712
2011-02-01,2011,2,Anonimowy,34049,2929
2011-02-01,2011,2,Zarejestrowany użytkownik,138414,45451
2011-02-01,2011,2,Bot (Oficjalny),20019,6480
2011-02-01,2011,2,Bot (Wg nazwy),52958,8209
2011-03-01,2011,3,Anonimowy,33166,3030
2011-03-01,2011,3,Zarejestrowany użytkownik,127806,46840
2011-03-01,2011,3,Bot (Oficjalny),45545,3175
2011-03-01,2011,3,Bot (Wg nazwy),70748,8417
2011-04-01,2011,4,Anonimowy,30537,2834
2011-04-01,2011,4,Zarejestrowany użytkownik,125161,45288
2011-04-01,2011,4,Bot (Oficjalny),36235,6677
2011-04-01,2011,4,Bot (Wg nazwy),89938,7021
2011-05-01,2011,5,Anonimowy,29923,2524
2011-05-01,2011,5,Zarejestrowany użytkownik,131099,43813
2011-05-01,2011,5,Bot (Oficjalny),43447,3294
2011-05-01,2011,5,Bot (Wg nazwy),94191,7224
2011-06-01,2011,6,Anonimowy,28397,2244
2011-06-01,2011,6,Zarejestrowany użytkownik,135677,44365
2011-06-01,2011,6,Bot (Oficjalny),42893,5417
2011-06-01,2011,6,Bot (Wg nazwy),62561,6927
2011-07-01,2011,7,Anonimowy,27975,2213
2011-07-01,2011,7,Zarejestrowany użytkownik,141499,47233
2011-07-01,2011,7,Bot (Oficjalny),91549,5905
2011-07-01,2011,7,Bot (Wg nazwy),70742,19258
2011-08-01,2011,8,Anonimowy,27351,2226
2011-08-01,2011,8,Zarejestrowany użytkownik,139918,45675
2011-08-01,2011,8,Bot (Oficjalny),23689,19625
2011-08-01,2011,8,Bot (Wg nazwy),76741,15800
2011-09-01,2011,9,Anonimowy,23887,2187
2011-09-01,2011,9,Zarejestrowany użytkownik,131573,49985
2011-09-01,2011,9,Bot (Oficjalny),34393,4044
2011-09-01,2011,9,Bot (Wg nazwy),55927,10204
2011-10-01,2011,10,Anonimowy,25672,2174
2011-10-01,2011,10,Zarejestrowany użytkownik,131121,46813
2011-10-01,2011,10,Bot (Oficjalny),25286,20012
2011-10-01,2011,10,Bot (Wg nazwy),54562,12566
2011-11-01,2011,11,Anonimowy,27019,2211
2011-11-01,2011,11,Zarejestrowany użytkownik,129756,46518
2011-11-01,2011,11,Bot (Oficjalny),22094,4562
2011-11-01,2011,11,Bot (Wg nazwy),61663,9734
2011-12-01,2011,12,Anonimowy,25908,2148
2011-12-01,2011,12,Zarejestrowany użytkownik,154317,44936
2011-12-01,2011,12,Bot (Oficjalny),24027,17616
2011-12-01,2011,12,Bot (Wg nazwy),72479,15355
2012-01-01,2012,1,Anonimowy,30328,2757
2012-01-01,2012,1,Zarejestrowany użytkownik,143136,51126
2012-01-01,2012,1,Bot (Oficjalny),31289,4517
2012-01-01,2012,1,Bot (Wg nazwy),99078,40154
2012-02-01,2012,2,Anonimowy,28269,2266
2012-02-01,2012,2,Zarejestrowany użytkownik,133726,47584
2012-02-01,2012,2,Bot (Oficjalny),20293,9176
2012-02-01,2012,2,Bot (Wg nazwy),68341,11906
2012-03-01,2012,3,Anonimowy,29806,2538
2012-03-01,2012,3,Zarejestrowany użytkownik,138442,47949
2012-03-01,2012,3,Bot (Oficjalny),69139,5901
2012-03-01,2012,3,Bot (Wg nazwy),73355,11923
2012-04-01,2012,4,Anonimowy,26207,2419
2012-04-01,2012,4,Zarejestrowany użytkownik,126376,46095
2012-04-01,2012,4,Bot (Oficjalny),51507,4625
2012-04-01,2012,4,Bot (Wg nazwy),196999,10744
2012-05-01,2012,5,Anonimowy,28936,3236
2012-05-01,2012,5,Zarejestrowany użytkownik,125656,47957
2012-05-01,2012,5,Bot (Oficjalny),35804,40615
2012-05-01,2012,5,Bot (Wg nazwy),196440,17736
2012-06-01,2012,6,Anonimowy,26855,2534
2012-06-01,2012,6,Zarejestrowany użytkownik,127026,44133
2012-06-01,2012,6,Bot (Oficjalny),31764,14080
2012-06-01,2012,6,Bot (Wg nazwy),66484,12375
2012-07-01,2012,7,Anonimowy,23983,2860
2012-07-01,2012,7,Zarejestrowany użytkownik,138150,44812
2012-07-01,2012,7,Bot (Oficjalny),45913,8974
2012-07-01,2012,7,Bot (Wg nazwy),83306,13895
2012-08-01,2012,8,Anonimowy,25169,2394
2012-08-01,2012,8,Zarejestrowany użytkownik,146986,53112
2012-08-01,2012,8,Bot (Oficjalny),38626,6054
2012-08-01,2012,8,Bot (Wg nazwy),89448,10862
2012-09-01,2012,9,Anonimowy,23538,2366
2012-09-01,2012,9,Zarejestrowany użytkownik,116773,41965
2012-09-01,2012,9,Bot (Oficjalny),51327,21558
2012-09-01,2012,9,Bot (Wg nazwy),63080,7774
2012-10-01,2012,10,Anonimowy,23226,2652
2012-10-01,2012,10,Zarejestrowany użytkownik,118797,38742
2012-10-01,2012,10,Bot (Oficjalny),36487,6479
2012-10-01,2012,10,Bot (Wg nazwy),89292,12155
2012-11-01,2012,11,Anonimowy,24530,2512
2012-11-01,2012,11,Zarejestrowany użytkownik,124536,39149
2012-11-01,2012,11,Bot (Oficjalny),39251,6097
2012-11-01,2012,11,Bot (Wg nazwy),52605,8856
2012-12-01,2012,12,Anonimowy,24238,2362
2012-12-01,2012,12,Zarejestrowany użytkownik,128766,47183
2012-12-01,2012,12,Bot (Oficjalny),46858,6470
2012-12-01,2012,12,Bot (Wg nazwy),92945,8761
2013-01-01,2013,1,Anonimowy,30149,2253
2013-01-01,2013,1,Zarejestrowany użytkownik,143741,48584
2013-01-01,2013,1,Bot (Oficjalny),62560,18015
2013-01-01,2013,1,Bot (Wg nazwy),160322,17639
2013-02-01,2013,2,Anonimowy,25287,2201
2013-02-01,2013,2,Zarejestrowany użytkownik,129594,42150
2013-02-01,2013,2,Bot (Oficjalny),80036,16944
2013-02-01,2013,2,Bot (Wg nazwy),80279,14830
2013-03-01,2013,3,Anonimowy,24849,2207
2013-03-01,2013,3,Zarejestrowany użytkownik,129413,42092
2013-03-01,2013,3,Bot (Oficjalny),8794,5520
2013-03-01,2013,3,Bot (Wg nazwy),677859,60847
2013-04-01,2013,4,Anonimowy,23829,1954
2013-04-01,2013,4,Zarejestrowany użytkownik,119620,39444
2013-04-01,2013,4,Bot (Oficjalny),37491,8076
2013-04-01,2013,4,Bot (Wg nazwy),112104,11366
2013-05-01,2013,5,Anonimowy,26087,2239
2013-05-01,2013,5,Zarejestrowany użytkownik,132285,36735
2013-05-01,2013,5,Bot (Oficjalny),16098,3029
2013-05-01,2013,5,Bot (Wg nazwy),25557,2937
2013-06-01,2013,6,Anonimowy,23490,1876
2013-06-01,2013,6,Zarejestrowany użytkownik,118315,36611
2013-06-01,2013,6,Bot (Oficjalny),146526,4893
2013-06-01,2013,6,Bot (Wg nazwy),14564,9745
2013-07-01,2013,7,Anonimowy,22731,2003
2013-07-01,2013,7,Zarejestrowany użytkownik,107096,39140
2013-07-01,2013,7,Bot (Oficjalny),16084,4092
2013-07-01,2013,7,Bot (Wg nazwy),7696,3650
2013-08-01,2013,8,Anonimowy,20897,2234
2013-08-01,2013,8,Zarejestrowany użytkownik,110166,39577
2013-08-01,2013,8,Bot (Oficjalny),13763,2193
2013-08-01,2013,8,Bot (Wg nazwy),11396,6273
2013-09-01,2013,9,Anonimowy,20380,2168
2013-09-01,2013,9,Zarejestrowany użytkownik,108590,39728
2013-09-01,2013,9,Bot (Oficjalny),2273,1658
2013-09-01,2013,9,Bot (Wg nazwy),3497,7394
2013-10-01,2013,10,Anonimowy,21969,2267
2013-10-01,2013,10,Zarejestrowany użytkownik,105285,31470
2013-10-01,2013,10,Bot (Oficjalny),5122,2787
2013-10-01,2013,10,Bot (Wg nazwy),1521,3644
2013-11-01,2013,11,Anonimowy,23970,2452
2013-11-01,2013,11,Zarejestrowany użytkownik,108063,40808
2013-11-01,2013,11,Bot (Oficjalny),15572,3177
2013-11-01,2013,11,Bot (Wg nazwy),19047,2086
2013-12-01,2013,12,Anonimowy,23282,2544
2013-12-01,2013,12,Zarejestrowany użytkownik,112182,39681
2013-12-01,2013,12,Bot (Oficjalny),9751,2288
2013-12-01,2013,12,Bot (Wg nazwy),48315,4106
2014-01-01,2014,1,Anonimowy,28719,3056
2014-01-01,2014,1,Zarejestrowany użytkownik,134175,47060
2014-01-01,2014,1,Bot (Oficjalny),49902,3928
2014-01-01,2014,1,Bot (Wg nazwy),3658,5588
2014-02-01,2014,2,Anonimowy,23337,2360
2014-02-01,2014,2,Zarejestrowany użytkownik,116537,38832
2014-02-01,2014,2,Bot (Oficjalny),24398,2572
2014-02-01,2014,2,Bot (Wg nazwy),2249,2663
2014-03-01,2014,3,Anonimowy,24952,2398
2014-03-01,2014,3,Zarejestrowany użytkownik,114240,38973
2014-03-01,2014,3,Bot (Oficjalny),56736,5331
2014-03-01,2014,3,Bot (Wg nazwy),92330,7047
2014-04-01,2014,4,Anonimowy,23660,2089
2014-04-01,2014,4,Zarejestrowany użytkownik,105015,38693
2014-04-01,2014,4,Bot (Oficjalny),6554,3168
2014-04-01,2014,4,Bot (Wg nazwy),1550,3440
2014-05-01,2014,5,Anonimowy,24130,2245
2014-05-01,2014,5,Zarejestrowany użytkownik,108059,33949
2014-05-01,2014,5,Bot (Oficjalny),6973,2458
2014-05-01,2014,5,Bot (Wg nazwy),2198,3180
2014-06-01,2014,6,Anonimowy,23856,2232
2014-06-01,2014,6,Zarejestrowany użytkownik,102745,31617
2014-06-01,2014,6,Bot (Oficjalny),39249,3702
2014-06-01,2014,6,Bot (Wg nazwy),7989,4249
2014-07-01,2014,7,Anonimowy,19330,2019
2014-07-01,2014,7,Zarejestrowany użytkownik,110236,33580
2014-07-01,2014,7,Bot (Oficjalny),3325,4642
2014-07-01,2014,7,Bot (Wg nazwy),10579,1081
2014-08-01,2014,8,Anonimowy,19269,1940
2014-08-01,2014,8,Zarejestrowany użytkownik,112682,35690
2014-08-01,2014,8,Bot (Oficjalny),76778,20957
2014-08-01,2014,8,Bot (Wg nazwy),7111,3070
2014-09-01,2014,9,Anonimowy,18120,1806
2014-09-01,2014,9,Zarejestrowany użytkownik,105029,34197
2014-09-01,2014,9,Bot (Oficjalny),22778,20242
2014-09-01,2014,9,Bot (Wg nazwy),21070,634
2014-10-01,2014,10,Anonimowy,19602,1947
2014-10-01,2014,10,Zarejestrowany użytkownik,119326,34258
2014-10-01,2014,10,Bot (Oficjalny),58488,21781
2014-10-01,2014,10,Bot (Wg nazwy),7994,696
2014-11-01,2014,11,Anonimowy,19628,1928
2014-11-01,2014,11,Zarejestrowany użytkownik,114148,32990
2014-11-01,2014,11,Bot (Oficjalny),27161,2900
2014-11-01,2014,11,Bot (Wg nazwy),22521,2671
2014-12-01,2014,12,Anonimowy,20835,1816
2014-12-01,2014,12,Zarejestrowany użytkownik,123945,37302
2014-12-01,2014,12,Bot (Oficjalny),88062,8838
2014-12-01,2014,12,Bot (Wg nazwy),3895,809
2015-01-01,2015,1,Anonimowy,24454,2399
2015-01-01,2015,1,Zarejestrowany użytkownik,137078,50359
2015-01-01,2015,1,Bot (Oficjalny),15688,16372
2015-01-01,2015,1,Bot (Wg nazwy),8371,1026
2015-02-01,2015,2,Anonimowy,19885,2211
2015-02-01,2015,2,Zarejestrowany użytkownik,123671,37602
2015-02-01,2015,2,Bot (Oficjalny),53837,16660
2015-02-01,2015,2,Bot (Wg nazwy),2561,685
2015-03-01,2015,3,Anonimowy,21588,2251
2015-03-01,2015,3,Zarejestrowany użytkownik,133993,36791
2015-03-01,2015,3,Bot (Oficjalny),29651,62915
2015-03-01,2015,3,Bot (Wg nazwy),6148,555
2015-04-01,2015,4,Anonimowy,19765,1866
2015-04-01,2015,4,Zarejestrowany użytkownik,108363,32631
2015-04-01,2015,4,Bot (Oficjalny),6695,117111
2015-04-01,2015,4,Bot (Wg nazwy),2117,1389
2015-05-01,2015,5,Anonimowy,18798,1892
2015-05-01,2015,5,Zarejestrowany użytkownik,108493,32202
2015-05-01,2015,5,Bot (Oficjalny),10827,9549
2015-05-01,2015,5,Bot (Wg nazwy),8212,945
2015-06-01,2015,6,Anonimowy,18192,1901
2015-06-01,2015,6,Zarejestrowany użytkownik,128234,31798
2015-06-01,2015,6,Bot (Oficjalny),33105,25502
2015-06-01,2015,6,Bot (Wg nazwy),2366,791
2015-07-01,2015,7,Anonimowy,16597,2031
2015-07-01,2015,7,Zarejestrowany użytkownik,118201,37326
2015-07-01,2015,7,Bot (Oficjalny),22690,10151
2015-07-01,2015,7,Bot (Wg nazwy),15050,1472
2015-08-01,2015,8,Anonimowy,16219,1982
2015-08-01,2015,8,Zarejestrowany użytkownik,124158,34130
2015-08-01,2015,8,Bot (Oficjalny),14188,5305
2015-08-01,2015,8,Bot (Wg nazwy),958,638
2015-09-01,2015,9,Anonimowy,17811,2037
2015-09-01,2015,9,Zarejestrowany użytkownik,111562,32135
2015-09-01,2015,9,Bot (Oficjalny),12037,3491
2015-09-01,2015,9,Bot (Wg nazwy),13036,451
2015-10-01,2015,10,Anonimowy,19192,1994
2015-10-01,2015,10,Zarejestrowany użytkownik,123706,35264
2015-10-01,2015,10,Bot (Oficjalny),25315,17386
2015-10-01,2015,10,Bot (Wg nazwy),4834,718
2015-11-01,2015,11,Anonimowy,20347,1927
2015-11-01,2015,11,Zarejestrowany użytkownik,121219,33854
2015-11-01,2015,11,Bot (Oficjalny),34692,7412
2015-11-01,2015,11,Bot (Wg nazwy),4536,750
2015-12-01,2015,12,Anonimowy,18356,2063
2015-12-01,2015,12,Zarejestrowany użytkownik,119554,36125
2015-12-01,2015,12,Bot (Oficjalny),37172,14673
2015-12-01,2015,12,Bot (Wg nazwy),18966,1127
2016-01-01,2016,1,Anonimowy,22442,2373
2016-01-01,2016,1,Zarejestrowany użytkownik,137605,40857
2016-01-01,2016,1,Bot (Oficjalny),78176,21782
2016-01-01,2016,1,Bot (Wg nazwy),25111,1429
2016-02-01,2016,2,Anonimowy,20251,2223
2016-02-01,2016,2,Zarejestrowany użytkownik,129805,34651
2016-02-01,2016,2,Bot (Oficjalny),72960,20044
2016-02-01,2016,2,Bot (Wg nazwy),27914,402
2016-03-01,2016,3,Anonimowy,20119,2431
2016-03-01,2016,3,Zarejestrowany użytkownik,130160,37581
2016-03-01,2016,3,Bot (Oficjalny),17696,12441
2016-03-01,2016,3,Bot (Wg nazwy),11078,431
2016-04-01,2016,4,Anonimowy,19206,1745
2016-04-01,2016,4,Zarejestrowany użytkownik,119930,33005
2016-04-01,2016,4,Bot (Oficjalny),34109,5901
2016-04-01,2016,4,Bot (Wg nazwy),130,335
2016-05-01,2016,5,Anonimowy,19467,1851
2016-05-01,2016,5,Zarejestrowany użytkownik,126938,36546
2016-05-01,2016,5,Bot (Oficjalny),52516,13512
2016-05-01,2016,5,Bot (Wg nazwy),555,243
2016-06-01,2016,6,Anonimowy,18238,1903
2016-06-01,2016,6,Zarejestrowany użytkownik,110907,32156
2016-06-01,2016,6,Bot (Oficjalny),101890,16251
2016-06-01,2016,6,Bot (Wg nazwy),323,457
2016-07-01,2016,7,Anonimowy,17407,2053
2016-07-01,2016,7,Zarejestrowany użytkownik,121081,37501
2016-07-01,2016,7,Bot (Oficjalny),14144,16557
2016-07-01,2016,7,Bot (Wg nazwy),1014,288
2016-08-01,2016,8,Anonimowy,17734,1829
2016-08-01,2016,8,Zarejestrowany użytkownik,116276,37972
2016-08-01,2016,8,Bot (Oficjalny),23352,12205
2016-08-01,2016,8,Bot (Wg nazwy),588,600
2016-09-01,2016,9,Anonimowy,16933,1652
2016-09-01,2016,9,Zarejestrowany użytkownik,116636,37189
2016-09-01,2016,9,Bot (Oficjalny),55287,26693
2016-09-01,2016,9,Bot (Wg nazwy),171,267
2016-10-01,2016,10,Anonimowy,18440,2027
2016-10-01,2016,10,Zarejestrowany użytkownik,127450,35260
2016-10-01,2016,10,Bot (Oficjalny),160027,19840
2016-10-01,2016,10,Bot (Wg nazwy),2577,470
2016-11-01,2016,11,Anonimowy,19227,1871
2016-11-01,2016,11,Zarejestrowany użytkownik,125349,37127
2016-11-01,2016,11,Bot (Oficjalny),93864,13274
2016-11-01,2016,11,Bot (Wg nazwy),9036,552
2016-12-01,2016,12,Anonimowy,18405,2404
2016-12-01,2016,12,Zarejestrowany użytkownik,144456,42198
2016-12-01,2016,12,Bot (Oficjalny),89157,28260
2016-12-01,2016,12,Bot (Wg nazwy),1005,1735
2017-01-01,2017,1,Anonimowy,22050,1976
2017-01-01,2017,1,Zarejestrowany użytkownik,154406,43119
2017-01-01,2017,1,Bot (Oficjalny),48749,26652
2017-01-01,2017,1,Bot (Wg nazwy),6631,322
2017-02-01,2017,2,Anonimowy,21700,1871
2017-02-01,2017,2,Zarejestrowany użytkownik,127214,40594
2017-02-01,2017,2,Bot (Oficjalny),38954,26955
2017-02-01,2017,2,Bot (Wg nazwy),2288,44
2017-03-01,2017,3,Anonimowy,22532,2064
2017-03-01,2017,3,Zarejestrowany użytkownik,129054,43256
2017-03-01,2017,3,Bot (Oficjalny),17395,20326
2017-03-01,2017,3,Bot (Wg nazwy),726,862
2017-04-01,2017,4,Anonimowy,19937,1567
2017-04-01,2017,4,Zarejestrowany użytkownik,121363,39655
2017-04-01,2017,4,Bot (Oficjalny),28499,13625
2017-04-01,2017,4,Bot (Wg nazwy),11816,139
2017-05-01,2017,5,Anonimowy,20225,1989
2017-05-01,2017,5,Zarejestrowany użytkownik,126908,38292
2017-05-01,2017,5,Bot (Oficjalny),14353,17337
2017-05-01,2017,5,Bot (Wg nazwy),31268,107
2017-06-01,2017,6,Anonimowy,18507,1706
2017-06-01,2017,6,Zarejestrowany użytkownik,118502,33662
2017-06-01,2017,6,Bot (Oficjalny),46888,22304
2017-06-01,2017,6,Bot (Wg nazwy),815,30
2017-07-01,2017,7,Anonimowy,17669,1760
2017-07-01,2017,7,Zarejestrowany użytkownik,115109,32220
2017-07-01,2017,7,Bot (Oficjalny),52463,23815
2017-07-01,2017,7,Bot (Wg nazwy),3697,1329
2017-08-01,2017,8,Anonimowy,17241,2341
2017-08-01,2017,8,Zarejestrowany użytkownik,118014,32103
2017-08-01,2017,8,Bot (Oficjalny),18562,10667
2017-08-01,2017,8,Bot (Wg nazwy),638,166
2017-09-01,2017,9,Anonimowy,17632,1985
2017-09-01,2017,9,Zarejestrowany użytkownik,115387,35448
2017-09-01,2017,9,Bot (Oficjalny),45646,17828
2017-09-01,2017,9,Bot (Wg nazwy),166,133
2017-10-01,2017,10,Anonimowy,18546,1689
2017-10-01,2017,10,Zarejestrowany użytkownik,126776,38294
2017-10-01,2017,10,Bot (Oficjalny),28603,66550
2017-10-01,2017,10,Bot (Wg nazwy),359,34
2017-11-01,2017,11,Anonimowy,18743,1624
2017-11-01,2017,11,Zarejestrowany użytkownik,137260,39112
2017-11-01,2017,11,Bot (Oficjalny),67228,18808
2017-11-01,2017,11,Bot (Wg nazwy),15952,88
2017-12-01,2017,12,Anonimowy,18904,1878
2017-12-01,2017,12,Zarejestrowany użytkownik,135320,38690
2017-12-01,2017,12,Bot (Oficjalny),55627,21483
2017-12-01,2017,12,Bot (Wg nazwy),21352,468
2018-01-01,2018,1,Anonimowy,22283,1941
2018-01-01,2018,1,Zarejestrowany użytkownik,138134,41476
2018-01-01,2018,1,Bot (Oficjalny),686390,31866
2018-01-01,2018,1,Bot (Wg nazwy),761,32
2018-02-01,2018,2,Anonimowy,19291,1856
2018-02-01,2018,2,Zarejestrowany użytkownik,119335,31606
2018-02-01,2018,2,Bot (Oficjalny),32259,16453
2018-02-01,2018,2,Bot (Wg nazwy),2833,66
2018-03-01,2018,3,Anonimowy,21587,2523
2018-03-01,2018,3,Zarejestrowany użytkownik,128008,37517
2018-03-01,2018,3,Bot (Oficjalny),174967,26781
2018-03-01,2018,3,Bot (Wg nazwy),2226,30
2018-04-01,2018,4,Anonimowy,18057,2488
2018-04-01,2018,4,Zarejestrowany użytkownik,112752,31403
2018-04-01,2018,4,Bot (Oficjalny),39482,21906
2018-04-01,2018,4,Bot (Wg nazwy),1311,53
2018-05-01,2018,5,Anonimowy,18276,2125
2018-05-01,2018,5,Zarejestrowany użytkownik,119929,33317
2018-05-01,2018,5,Bot (Oficjalny),29235,19583
2018-05-01,2018,5,Bot (Wg nazwy),49,28
2018-06-01,2018,6,Anonimowy,16280,2307
2018-06-01,2018,6,Zarejestrowany użytkownik,110534,30415
2018-06-01,2018,6,Bot (Oficjalny),45474,16678
2018-06-01,2018,6,Bot (Wg nazwy),4848,62
2018-07-01,2018,7,Anonimowy,14544,2259
2018-07-01,2018,7,Zarejestrowany użytkownik,113723,36987
2018-07-01,2018,7,Bot (Oficjalny),38216,18114
2018-07-01,2018,7,Bot (Wg nazwy),2469,32
2018-08-01,2018,8,Anonimowy,15962,2836
2018-08-01,2018,8,Zarejestrowany użytkownik,119879,34875
2018-08-01,2018,8,Bot (Oficjalny),92599,21686
2018-08-01,2018,8,Bot (Wg nazwy),1650,48
2018-09-01,2018,9,Anonimowy,16055,2740
2018-09-01,2018,9,Zarejestrowany użytkownik,107272,30148
2018-09-01,2018,9,Bot (Oficjalny),27175,13113
2018-09-01,2018,9,Bot (Wg nazwy),2173,66
2018-10-01,2018,10,Anonimowy,19158,2207
2018-10-01,2018,10,Zarejestrowany użytkownik,107643,27306
2018-10-01,2018,10,Bot (Oficjalny),113845,15675
2018-10-01,2018,10,Bot (Wg nazwy),173,136
2018-11-01,2018,11,Anonimowy,19877,2207
2018-11-01,2018,11,Zarejestrowany użytkownik,114645,30444
2018-11-01,2018,11,Bot (Oficjalny),61287,10772
2018-11-01,2018,11,Bot (Wg nazwy),2676,150
2018-12-01,2018,12,Anonimowy,17635,2585
2018-12-01,2018,12,Zarejestrowany użytkownik,127270,36640
2018-12-01,2018,12,Bot (Oficjalny),48282,52081
2018-12-01,2018,12,Bot (Wg nazwy),1710,540
2019-01-01,2019,1,Anonimowy,20736,2670
2019-01-01,2019,1,Zarejestrowany użytkownik,140244,38743
2019-01-01,2019,1,Bot (Oficjalny),47531,20605
2019-01-01,2019,1,Bot (Wg nazwy),219,146
2019-02-01,2019,2,Anonimowy,18712,2347
2019-02-01,2019,2,Zarejestrowany użytkownik,121636,31971
2019-02-01,2019,2,Bot (Oficjalny),62951,19231
2019-02-01,2019,2,Bot (Wg nazwy),970,179
2019-03-01,2019,3,Anonimowy,21455,2201
2019-03-01,2019,3,Zarejestrowany użytkownik,132119,33369
2019-03-01,2019,3,Bot (Oficjalny),69567,17400
2019-03-01,2019,3,Bot (Wg nazwy),53,174
2019-04-01,2019,4,Anonimowy,19114,2110
2019-04-01,2019,4,Zarejestrowany użytkownik,123717,33191
2019-04-01,2019,4,Bot (Oficjalny),22461,16808
2019-04-01,2019,4,Bot (Wg nazwy),2592,306
2019-05-01,2019,5,Anonimowy,20898,1839
2019-05-01,2019,5,Zarejestrowany użytkownik,117883,31031
2019-05-01,2019,5,Bot (Oficjalny),11165,19063
2019-05-01,2019,5,Bot (Wg nazwy),517,96
2019-06-01,2019,6,Anonimowy,18494,1240
2019-06-01,2019,6,Zarejestrowany użytkownik,99172,27029
2019-06-01,2019,6,Bot (Oficjalny),10332,16203
2019-06-01,2019,6,Bot (Wg nazwy),35,123
2019-07-01,2019,7,Anonimowy,18713,1393
2019-07-01,2019,7,Zarejestrowany użytkownik,103615,26967
2019-07-01,2019,7,Bot (Oficjalny),11632,13553
2019-07-01,2019,7,Bot (Wg nazwy),159,118
2019-08-01,2019,8,Anonimowy,18823,1688
2019-08-01,2019,8,Zarejestrowany użytkownik,98142,26716
2019-08-01,2019,8,Bot (Oficjalny),34695,13359
2019-08-01,2019,8,Bot (Wg nazwy),1027,142
2019-09-01,2019,9,Anonimowy,18499,1253
2019-09-01,2019,9,Zarejestrowany użytkownik,98966,29068
2019-09-01,2019,9,Bot (Oficjalny),82202,10828
2019-09-01,2019,9,Bot (Wg nazwy),4,1882
2019-10-01,2019,10,Anonimowy,20555,1548
2019-10-01,2019,10,Zarejestrowany użytkownik,109797,29765
2019-10-01,2019,10,Bot (Oficjalny),39443,11348
2019-10-01,2019,10,Bot (Wg nazwy),223,779
2019-11-01,2019,11,Anonimowy,20668,1487
2019-11-01,2019,11,Zarejestrowany użytkownik,111250,31973
2019-11-01,2019,11,Bot (Oficjalny),88036,10536
2019-11-01,2019,11,Bot (Wg nazwy),4860,162
2019-12-01,2019,12,Anonimowy,19202,1379
2019-12-01,2019,12,Zarejestrowany użytkownik,115456,31054
2019-12-01,2019,12,Bot (Oficjalny),43119,10687
2019-12-01,2019,12,Bot (Wg nazwy),1361,196
2020-01-01,2020,1,Anonimowy,23099,1591
2020-01-01,2020,1,Zarejestrowany użytkownik,130464,36952
2020-01-01,2020,1,Bot (Oficjalny),51334,12882
2020-01-01,2020,1,Bot (Wg nazwy),18,229
2020-02-01,2020,2,Anonimowy,22007,1713
2020-02-01,2020,2,Zarejestrowany użytkownik,124002,34374
2020-02-01,2020,2,Bot (Oficjalny),41495,30029
2020-02-01,2020,2,Bot (Wg nazwy),669,574
2020-03-01,2020,3,Anonimowy,25972,1600
2020-03-01,2020,3,Zarejestrowany użytkownik,144617,43765
2020-03-01,2020,3,Bot (Oficjalny),47349,42071
2020-03-01,2020,3,Bot (Wg nazwy),2814,222
2020-04-01,2020,4,Anonimowy,26404,2018
2020-04-01,2020,4,Zarejestrowany użytkownik,142198,43327
2020-04-01,2020,4,Bot (Oficjalny),85776,30646
2020-04-01,2020,4,Bot (Wg nazwy),332,304
2020-05-01,2020,5,Anonimowy,27501,1992
2020-05-01,2020,5,Zarejestrowany użytkownik,142040,43940
2020-05-01,2020,5,Bot (Oficjalny),46834,28000
2020-05-01,2020,5,Bot (Wg nazwy),9666,738
2020-06-01,2020,6,Anonimowy,24870,1549
2020-06-01,2020,6,Zarejestrowany użytkownik,120126,36281
2020-06-01,2020,6,Bot (Oficjalny),33611,24803
2020-06-01,2020,6,Bot (Wg nazwy),7427,2788
2020-07-01,2020,7,Anonimowy,20192,1454
2020-07-01,2020,7,Zarejestrowany użytkownik,114424,34036
2020-07-01,2020,7,Bot (Oficjalny),70680,16903
2020-07-01,2020,7,Bot (Wg nazwy),1938,295
2020-08-01,2020,8,Anonimowy,19652,1742
2020-08-01,2020,8,Zarejestrowany użytkownik,116189,37059
2020-08-01,2020,8,Bot (Oficjalny),26346,9972
2020-08-01,2020,8,Bot (Wg nazwy),243,195
2020-09-01,2020,9,Anonimowy,19315,1334
2020-09-01,2020,9,Zarejestrowany użytkownik,116732,31935
2020-09-01,2020,9,Bot (Oficjalny),22300,12203
2020-09-01,2020,9,Bot (Wg nazwy),45,246
2020-10-01,2020,10,Anonimowy,23792,1766
2020-10-01,2020,10,Zarejestrowany użytkownik,123362,35326
2020-10-01,2020,10,Bot (Oficjalny),45869,13550
2020-10-01,2020,10,Bot (Wg nazwy),1699,843
2020-11-01,2020,11,Anonimowy,25466,1873
2020-11-01,2020,11,Zarejestrowany użytkownik,132503,40986
2020-11-01,2020,11,Bot (Oficjalny),74518,16990
2020-11-01,2020,11,Bot (Wg nazwy),4696,191
2020-12-01,2020,12,Anonimowy,26499,1860
2020-12-01,2020,12,Zarejestrowany użytkownik,145256,40513
2020-12-01,2020,12,Bot (Oficjalny),50470,16055
2020-12-01,2020,12,Bot (Wg nazwy),13,540
2021-01-01,2021,1,Anonimowy,25179,2221
2021-01-01,2021,1,Zarejestrowany użytkownik,160195,48986
2021-01-01,2021,1,Bot (Oficjalny),65867,18780
2021-01-01,2021,1,Bot (Wg nazwy),21232,237
2021-02-01,2021,2,Anonimowy,23825,1556
2021-02-01,2021,2,Zarejestrowany użytkownik,132547,43639
2021-02-01,2021,2,Bot (Oficjalny),37628,13117
2021-02-01,2021,2,Bot (Wg nazwy),124,220
2021-03-01,2021,3,Anonimowy,25967,2428
2021-03-01,2021,3,Zarejestrowany użytkownik,156294,43917
2021-03-01,2021,3,Bot (Oficjalny),110965,17665
2021-03-01,2021,3,Bot (Wg nazwy),741,240
2021-04-01,2021,4,Anonimowy,23040,2160
2021-04-01,2021,4,Zarejestrowany użytkownik,133423,39503
2021-04-01,2021,4,Bot (Oficjalny),35090,18205
2021-04-01,2021,4,Bot (Wg nazwy),20252,322
2021-05-01,2021,5,Anonimowy,24499,2464
2021-05-01,2021,5,Zarejestrowany użytkownik,140153,38149
2021-05-01,2021,5,Bot (Oficjalny),28616,26126
2021-05-01,2021,5,Bot (Wg nazwy),83487,420
2021-06-01,2021,6,Anonimowy,21677,2308
2021-06-01,2021,6,Zarejestrowany użytkownik,118596,31657
2021-06-01,2021,6,Bot (Oficjalny),28782,25634
2021-06-01,2021,6,Bot (Wg nazwy),79621,209
2021-07-01,2021,7,Anonimowy,23999,2046
2021-07-01,2021,7,Zarejestrowany użytkownik,110719,31522
2021-07-01,2021,7,Bot (Oficjalny),100618,16478
2021-07-01,2021,7,Bot (Wg nazwy),30498,261
2021-08-01,2021,8,Anonimowy,21809,1743
2021-08-01,2021,8,Zarejestrowany użytkownik,118840,32162
2021-08-01,2021,8,Bot (Oficjalny),27955,14675
2021-08-01,2021,8,Bot (Wg nazwy),5195,224
2021-09-01,2021,9,Anonimowy,18573,1662
2021-09-01,2021,9,Zarejestrowany użytkownik,111935,30435
2021-09-01,2021,9,Bot (Oficjalny),42154,22622
2021-09-01,2021,9,Bot (Wg nazwy),9459,252
2021-10-01,2021,10,Anonimowy,20370,1805
2021-10-01,2021,10,Zarejestrowany użytkownik,129011,33415
2021-10-01,2021,10,Bot (Oficjalny),43719,17957
2021-10-01,2021,10,Bot (Wg nazwy),28689,276
2021-11-01,2021,11,Anonimowy,19425,2036
2021-11-01,2021,11,Zarejestrowany użytkownik,123065,31323
2021-11-01,2021,11,Bot (Oficjalny),290157,15061
2021-11-01,2021,11,Bot (Wg nazwy),13534,25
2021-12-01,2021,12,Anonimowy,20383,2209
2021-12-01,2021,12,Zarejestrowany użytkownik,127038,30107
2021-12-01,2021,12,Bot (Oficjalny),88678,10403
2021-12-01,2021,12,Bot (Wg nazwy),10505,374
2022-01-01,2022,1,Anonimowy,27750,2203
2022-01-01,2022,1,Zarejestrowany użytkownik,147243,34962
2022-01-01,2022,1,Bot (Oficjalny),87646,16152
2022-01-01,2022,1,Bot (Wg nazwy),33257,164
2022-02-01,2022,2,Anonimowy,21622,2145
2022-02-01,2022,2,Zarejestrowany użytkownik,120246,35172
2022-02-01,2022,2,Bot (Oficjalny),69914,12869
2022-02-01,2022,2,Bot (Wg nazwy),40045,465
2022-03-01,2022,3,Anonimowy,20523,2203
2022-03-01,2022,3,Zarejestrowany użytkownik,113869,29231
2022-03-01,2022,3,Bot (Oficjalny),26113,15309
2022-03-01,2022,3,Bot (Wg nazwy),35758,324
2022-04-01,2022,4,Anonimowy,19977,1759
2022-04-01,2022,4,Zarejestrowany użytkownik,110919,29218
2022-04-01,2022,4,Bot (Oficjalny),139954,9463
2022-04-01,2022,4,Bot (Wg nazwy),9112,160
2022-05-01,2022,5,Anonimowy,22658,2646
2022-05-01,2022,5,Zarejestrowany użytkownik,119332,31299
2022-05-01,2022,5,Bot (Oficjalny),46243,8555
2022-05-01,2022,5,Bot (Wg nazwy),365,182
2022-06-01,2022,6,Anonimowy,17931,2158
2022-06-01,2022,6,Zarejestrowany użytkownik,107904,28899
2022-06-01,2022,6,Bot (Oficjalny),14836,9313
2022-06-01,2022,6,Bot (Wg nazwy),4,181
2022-07-01,2022,7,Anonimowy,16610,1710
2022-07-01,2022,7,Zarejestrowany użytkownik,117604,34441
2022-07-01,2022,7,Bot (Oficjalny),33091,9163
2022-07-01,2022,7,Bot (Wg nazwy),6765,245
2022-08-01,2022,8,Anonimowy,19004,1589
2022-08-01,2022,8,Zarejestrowany użytkownik,112332,30803
2022-08-01,2022,8,Bot (Oficjalny),50623,10200
2022-08-01,2022,8,Bot (Wg nazwy),63,213
2022-09-01,2022,9,Anonimowy,21149,1472
2022-09-01,2022,9,Zarejestrowany użytkownik,106966,30969
2022-09-01,2022,9,Bot (Oficjalny),181854,47370
2022-09-01,2022,9,Bot (Wg nazwy),1,171
2022-10-01,2022,10,Anonimowy,20840,2287
2022-10-01,2022,10,Zarejestrowany użytkownik,120247,32192
2022-10-01,2022,10,Bot (Oficjalny),30904,20131
2022-10-01,2022,10,Bot (Wg nazwy),4,113
2022-11-01,2022,11,Anonimowy,22688,2823
2022-11-01,2022,11,Zarejestrowany użytkownik,120899,35452
2022-11-01,2022,11,Bot (Oficjalny),51476,12410
2022-11-01,2022,11,Bot (Wg nazwy),5,174
2022-12-01,2022,12,Anonimowy,20065,1909
2022-12-01,2022,12,Zarejestrowany użytkownik,127640,34469
2022-12-01,2022,12,Bot (Oficjalny),78266,11081
2022-12-01,2022,12,Bot (Wg nazwy),6,173
2023-01-01,2023,1,Anonimowy,20928,2579
2023-01-01,2023,1,Zarejestrowany użytkownik,135706,40049
2023-01-01,2023,1,Bot (Oficjalny),76034,13950
2023-01-01,2023,1,Bot (Wg nazwy),6,643
2023-02-01,2023,2,Anonimowy,20632,2048
2023-02-01,2023,2,Zarejestrowany użytkownik,129028,33991
2023-02-01,2023,2,Bot (Oficjalny),61664,13030
2023-02-01,2023,2,Bot (Wg nazwy),11,203
2023-03-01,2023,3,Anonimowy,20393,2218
2023-03-01,2023,3,Zarejestrowany użytkownik,129454,34938
2023-03-01,2023,3,Bot (Oficjalny),35375,14309
2023-03-01,2023,3,Bot (Wg nazwy),11,128
2023-04-01,2023,4,Anonimowy,21230,2113
2023-04-01,2023,4,Zarejestrowany użytkownik,115008,31254
2023-04-01,2023,4,Bot (Oficjalny),26415,11622
2023-04-01,2023,4,Bot (Wg nazwy),16,122
2023-05-01,2023,5,Anonimowy,16815,1906
2023-05-01,2023,5,Zarejestrowany użytkownik,120810,32468
2023-05-01,2023,5,Bot (Oficjalny),65651,13296
2023-05-01,2023,5,Bot (Wg nazwy),5,114
2023-06-01,2023,6,Anonimowy,18213,1510
2023-06-01,2023,6,Zarejestrowany użytkownik,110413,32944
2023-06-01,2023,6,Bot (Oficjalny),67661,12192
2023-06-01,2023,6,Bot (Wg nazwy),26,40
2023-07-01,2023,7,Anonimowy,18581,1755
2023-07-01,2023,7,Zarejestrowany użytkownik,108047,30870
2023-07-01,2023,7,Bot (Oficjalny),15795,10657
2023-07-01,2023,7,Bot (Wg nazwy),18,1
2023-08-01,2023,8,Anonimowy,16476,1558
2023-08-01,2023,8,Zarejestrowany użytkownik,120696,34425
2023-08-01,2023,8,Bot (Oficjalny),13434,12152
2023-08-01,2023,8,Bot (Wg nazwy),162,25
2023-09-01,2023,9,Anonimowy,20863,1517
2023-09-01,2023,9,Zarejestrowany użytkownik,133439,36794
2023-09-01,2023,9,Bot (Oficjalny),20885,12025
2023-09-01,2023,9,Bot (Wg nazwy),3242,108
2023-10-01,2023,10,Anonimowy,17469,1429
2023-10-01,2023,10,Zarejestrowany użytkownik,130848,34188
2023-10-01,2023,10,Bot (Oficjalny),21040,23176
2023-10-01,2023,10,Bot (Wg nazwy),4166,230
2023-11-01,2023,11,Anonimowy,19613,1959
2023-11-01,2023,11,Zarejestrowany użytkownik,136944,34851
2023-11-01,2023,11,Bot (Oficjalny),90989,18188
2023-11-01,2023,11,Bot (Wg nazwy),1710,52
2023-12-01,2023,12,Anonimowy,20638,1890
2023-12-01,2023,12,Zarejestrowany użytkownik,133844,33664
2023-12-01,2023,12,Bot (Oficjalny),172587,16376
2023-12-01,2023,12,Bot (Wg nazwy),367,55
2024-01-01,2024,1,Anonimowy,25215,2448
2024-01-01,2024,1,Zarejestrowany użytkownik,142643,37870
2024-01-01,2024,1,Bot (Oficjalny),117049,18357
2024-01-01,2024,1,Bot (Wg nazwy),2589,18
2024-02-01,2024,2,Anonimowy,20729,1978
2024-02-01,2024,2,Zarejestrowany użytkownik,133062,38561
2024-02-01,2024,2,Bot (Oficjalny),57307,14917
2024-02-01,2024,2,Bot (Wg nazwy),2892,18
2024-03-01,2024,3,Anonimowy,18925,2007
2024-03-01,2024,3,Zarejestrowany użytkownik,125578,44922
2024-03-01,2024,3,Bot (Oficjalny),40989,111795
2024-03-01,2024,3,Bot (Wg nazwy),2791,2
2024-04-01,2024,4,Anonimowy,16729,1550
2024-04-01,2024,4,Zarejestrowany użytkownik,119426,41420
2024-04-01,2024,4,Bot (Oficjalny),53827,42101
2024-04-01,2024,4,Bot (Wg nazwy),110,5
2024-05-01,2024,5,Anonimowy,16075,1307
2024-05-01,2024,5,Zarejestrowany użytkownik,120423,38192
2024-05-01,2024,5,Bot (Oficjalny),9956,23453
2024-05-01,2024,5,Bot (Wg nazwy),145,34
2024-06-01,2024,6,Anonimowy,14158,1385
2024-06-01,2024,6,Zarejestrowany użytkownik,115425,47474
2024-06-01,2024,6,Bot (Oficjalny),39734,32969
2024-06-01,2024,6,Bot (Wg nazwy),72,24
2024-07-01,2024,7,Anonimowy,15912,1870
2024-07-01,2024,7,Zarejestrowany użytkownik,120108,36892
2024-07-01,2024,7,Bot (Oficjalny),78923,29209
2024-07-01,2024,7,Bot (Wg nazwy),4199,25
2024-08-01,2024,8,Anonimowy,14142,2129
2024-08-01,2024,8,Zarejestrowany użytkownik,113532,29747
2024-08-01,2024,8,Bot (Oficjalny),18414,16645
2024-08-01,2024,8,Bot (Wg nazwy),6,13
2024-09-01,2024,9,Anonimowy,14590,1507
2024-09-01,2024,9,Zarejestrowany użytkownik,106079,33116
2024-09-01,2024,9,Bot (Oficjalny),15543,27906
2024-09-01,2024,9,Bot (Wg nazwy),3,146
2024-10-01,2024,10,Anonimowy,16205,1049
2024-10-01,2024,10,Zarejestrowany użytkownik,114297,34961
2024-10-01,2024,10,Bot (Oficjalny),36968,24775
2024-10-01,2024,10,Bot (Wg nazwy),1,11
2024-11-01,2024,11,Anonimowy,15910,1355
2024-11-01,2024,11,Zarejestrowany użytkownik,121118,35351
2024-11-01,2024,11,Bot (Oficjalny),27727,128579
2024-11-01,2024,11,Bot (Wg nazwy),3,16
2024-12-01,2024,12,Anonimowy,17281,1646
2024-12-01,2024,12,Zarejestrowany użytkownik,123082,34661
2024-12-01,2024,12,Bot (Oficjalny),17391,36792
2024-12-01,2024,12,Bot (Wg nazwy),5,29
2025-01-01,2025,1,Anonimowy,18356,1844
2025-01-01,2025,1,Zarejestrowany użytkownik,132929,38591
2025-01-01,2025,1,Bot (Oficjalny),16480,17882
2025-01-01,2025,1,Bot (Wg nazwy),132,13
2025-02-01,2025,2,Anonimowy,15125,1555
2025-02-01,2025,2,Zarejestrowany użytkownik,112310,32131
2025-02-01,2025,2,Bot (Oficjalny),20571,18539
2025-02-01,2025,2,Bot (Wg nazwy),37,20
2025-03-01,2025,3,Anonimowy,16437,2783
2025-03-01,2025,3,Zarejestrowany użytkownik,118229,36533
2025-03-01,2025,3,Bot (Oficjalny),17992,21683
2025-03-01,2025,3,Bot (Wg nazwy),7,46
2025-04-01,2025,4,Anonimowy,16568,2379
2025-04-01,2025,4,Zarejestrowany użytkownik,121148,37484
2025-04-01,2025,4,Bot (Oficjalny),17929,114266
2025-04-01,2025,4,Bot (Wg nazwy),0,15
2025-05-01,2025,5,Anonimowy,16789,1829
2025-05-01,2025,5,Zarejestrowany użytkownik,120981,36831
2025-05-01,2025,5,Bot (Oficjalny),11063,21108
2025-05-01,2025,5,Bot (Wg nazwy),2,184
2025-06-01,2025,6,Anonimowy,13397,1818
2025-06-01,2025,6,Zarejestrowany użytkownik,106671,33146
2025-06-01,2025,6,Bot (Oficjalny),23427,17363
2025-06-01,2025,6,Bot (Wg nazwy),3,197
2025-07-01,2025,7,Anonimowy,15391,1754
2025-07-01,2025,7,Zarejestrowany użytkownik,107787,35240
2025-07-01,2025,7,Bot (Oficjalny),7600,37521
2025-07-01,2025,7,Bot (Wg nazwy),0,172
2025-08-01,2025,8,Anonimowy,16084,2222
2025-08-01,2025,8,Zarejestrowany użytkownik,105865,32205
2025-08-01,2025,8,Bot (Oficjalny),8994,16327
2025-08-01,2025,8,Bot (Wg nazwy),1,185
2025-09-01,2025,9,Anonimowy,17381,2387
2025-09-01,2025,9,Zarejestrowany użytkownik,99387,33775
2025-09-01,2025,9,Bot (Oficjalny),23385,16524
2025-09-01,2025,9,Bot (Wg nazwy),0,204
2025-10-01,2025,10,Anonimowy,15559,2260
2025-10-01,2025,10,Zarejestrowany użytkownik,103711,35054
2025-10-01,2025,10,Bot (Oficjalny),41894,17599
2025-10-01,2025,10,Bot (Wg nazwy),5,238
2025-11-01,2025,11,Anonimowy,16408,2512
2025-11-01,2025,11,Zarejestrowany użytkownik,117412,35531
2025-11-01,2025,11,Bot (Oficjalny),57620,18053
2025-11-01,2025,11,Bot (Wg nazwy),0,127
2025-12-01,2025,12,Anonimowy,14786,1545
2025-12-01,2025,12,Zarejestrowany użytkownik,121031,35980
2025-12-01,2025,12,Bot (Oficjalny),73561,19674
2025-12-01,2025,12,Bot (Wg nazwy),8,154
2026-01-01,2026,1,Anonimowy,12338,1343
2026-01-01,2026,1,Zarejestrowany użytkownik,132672,37546
2026-01-01,2026,1,Bot (Oficjalny),255305,25041
2026-01-01,2026,1,Bot (Wg nazwy),1,220
2026-02-01,2026,2,Anonimowy,12147,1257
2026-02-01,2026,2,Zarejestrowany użytkownik,118088,30741
2026-02-01,2026,2,Bot (Oficjalny),60537,24799
2026-02-01,2026,2,Bot (Wg nazwy),0,331
2026-03-01,2026,3,Anonimowy,12919,1503
2026-03-01,2026,3,Zarejestrowany użytkownik,110292,31422
2026-03-01,2026,3,Bot (Oficjalny),57099,24307
2026-03-01,2026,3,Bot (Wg nazwy),1,111
2026-04-01,2026,4,Anonimowy,11541,1220
2026-04-01,2026,4,Zarejestrowany użytkownik,98072,32290
2026-04-01,2026,4,Bot (Oficjalny),40124,20913
2026-04-01,2026,4,Bot (Wg nazwy),33,6
2026-05-01,2026,5,Anonimowy,12648,1279
2026-05-01,2026,5,Zarejestrowany użytkownik,115325,34782
2026-05-01,2026,5,Bot (Oficjalny),49233,20944
2026-05-01,2026,5,Bot (Wg nazwy),4,2
